,demand_source,campaign_id,campaign_name,adset_id,adset_name,adset_end_date,city,primary_status,include
0,OPERATIONS_MANAGER,CA172467506135409,Ent_PerfCPI_Playgames24x7_RummyCircle_260824_D22347,AT1724701942116423,102765_CPI_Playgames24x7_RummyCircle_Aud1_3_260824,15/12/24 23:58,Behera,DELIVERING,0
1,OPERATIONS_MANAGER,CA172467506135409,Ent_PerfCPI_Playgames24x7_RummyCircle_260824_D22347,AT1724701942116423,102765_CPI_Playgames24x7_RummyCircle_Aud1_3_260824,15/12/24 23:58,Bhubaneswar,DELIVERING,0
2,OPERATIONS_MANAGER,CA172467506135409,Ent_PerfCPI_Playgames24x7_RummyCircle_260824_D22347,AT1724701942116423,102765_CPI_Playgames24x7_RummyCircle_Aud1_3_260824,15/12/24 23:58,Jatni,DELIVERING,0
3,OPERATIONS_MANAGER,CA172467506135409,Ent_PerfCPI_Playgames24x7_RummyCircle_260824_D22347,AT1724701942116423,102765_CPI_Playgames24x7_RummyCircle_Aud1_3_260824,15/12/24 23:58,Kichha,DELIVERING,0
4,OPERATIONS_MANAGER,CA172467506135409,Ent_PerfCPI_Playgames24x7_RummyCircle_260824_D22347,AT1724701942116423,102765_CPI_Playgames24x7_RummyCircle_Aud1_3_260824,15/12/24 23:58,Almora,DELIVERING,0
5,OPERATIONS_MANAGER,CA172467506135409,Ent_PerfCPI_Playgames24x7_RummyCircle_260824_D22347,AT1724702313116424,102765_CPI_Playgames24x7_RummyCircle_Aud1_1_260824,15/12/24 23:59,Kichha,DELIVERING,0
6,OPERATIONS_MANAGER,CA172467506135409,Ent_PerfCPI_Playgames24x7_RummyCircle_260824_D22347,AT1724702313116424,102765_CPI_Playgames24x7_RummyCircle_Aud1_1_260824,15/12/24 23:59,Almora,DELIVERING,0
7,OPERATIONS_MANAGER,CA172467506135409,Ent_PerfCPI_Playgames24x7_RummyCircle_260824_D22347,AT1724702313116424,102765_CPI_Playgames24x7_RummyCircle_Aud1_1_260824,15/12/24 23:59,Behera,DELIVERING,0
8,OPERATIONS_MANAGER,CA172467506135409,Ent_PerfCPI_Playgames24x7_RummyCircle_260824_D22347,AT1724702313116424,102765_CPI_Playgames24x7_RummyCircle_Aud1_1_260824,15/12/24 23:59,Bhubaneswar,DELIVERING,0
9,OPERATIONS_MANAGER,CA172467506135409,Ent_PerfCPI_Playgames24x7_RummyCircle_260824_D22347,AT1724702313116424,102765_CPI_Playgames24x7_RummyCircle_Aud1_1_260824,15/12/24 23:59,Jatni,DELIVERING,0
10,OPERATIONS_MANAGER,CA172467506135409,Ent_PerfCPI_Playgames24x7_RummyCircle_260824_D22347,AT1724740096116427,102765_CPI_Playgames24x7_RummyCircle_Aud2_3_260824,15/12/24 00:00,Behera,DELIVERING,0
11,OPERATIONS_MANAGER,CA172467506135409,Ent_PerfCPI_Playgames24x7_RummyCircle_260824_D22347,AT1724740096116427,102765_CPI_Playgames24x7_RummyCircle_Aud2_3_260824,15/12/24 00:00,Bhubaneswar,DELIVERING,0
12,OPERATIONS_MANAGER,CA172467506135409,Ent_PerfCPI_Playgames24x7_RummyCircle_260824_D22347,AT1724740096116427,102765_CPI_Playgames24x7_RummyCircle_Aud2_3_260824,15/12/24 00:00,Jatni,DELIVERING,0
13,OPERATIONS_MANAGER,CA172467506135409,Ent_PerfCPI_Playgames24x7_RummyCircle_260824_D22347,AT1724740096116427,102765_CPI_Playgames24x7_RummyCircle_Aud2_3_260824,15/12/24 00:00,Kichha,DELIVERING,0
14,OPERATIONS_MANAGER,CA172467506135409,Ent_PerfCPI_Playgames24x7_RummyCircle_260824_D22347,AT1724740096116427,102765_CPI_Playgames24x7_RummyCircle_Aud2_3_260824,15/12/24 00:00,Almora,DELIVERING,0
15,OPERATIONS_MANAGER,CA172467506135409,Ent_PerfCPI_Playgames24x7_RummyCircle_260824_D22347,AT1724740216116428,102765_CPI_Playgames24x7_RummyCircle_Aud1_4_260824,15/12/24 23:59,Behera,DELIVERING,0
16,OPERATIONS_MANAGER,CA172467506135409,Ent_PerfCPI_Playgames24x7_RummyCircle_260824_D22347,AT1724740216116428,102765_CPI_Playgames24x7_RummyCircle_Aud1_4_260824,15/12/24 23:59,Bhubaneswar,DELIVERING,0
17,OPERATIONS_MANAGER,CA172467506135409,Ent_PerfCPI_Playgames24x7_RummyCircle_260824_D22347,AT1724740216116428,102765_CPI_Playgames24x7_RummyCircle_Aud1_4_260824,15/12/24 23:59,Jatni,DELIVERING,0
18,OPERATIONS_MANAGER,CA172467506135409,Ent_PerfCPI_Playgames24x7_RummyCircle_260824_D22347,AT1724740216116428,102765_CPI_Playgames24x7_RummyCircle_Aud1_4_260824,15/12/24 23:59,Kichha,DELIVERING,0
19,OPERATIONS_MANAGER,CA172467506135409,Ent_PerfCPI_Playgames24x7_RummyCircle_260824_D22347,AT1724740216116428,102765_CPI_Playgames24x7_RummyCircle_Aud1_4_260824,15/12/24 23:59,Almora,DELIVERING,0
20,OPERATIONS_MANAGER,CA172467506135409,Ent_PerfCPI_Playgames24x7_RummyCircle_260824_D22347,AT1724740816116429,102765_CPI_Playgames24x7_RummyCircle_Aud2_4_260824,15/12/24 23:59,Behera,DELIVERING,0
21,OPERATIONS_MANAGER,CA172467506135409,Ent_PerfCPI_Playgames24x7_RummyCircle_260824_D22347,AT1724740816116429,102765_CPI_Playgames24x7_RummyCircle_Aud2_4_260824,15/12/24 23:59,Bhubaneswar,DELIVERING,0
22,OPERATIONS_MANAGER,CA172467506135409,Ent_PerfCPI_Playgames24x7_RummyCircle_260824_D22347,AT1724740816116429,102765_CPI_Playgames24x7_RummyCircle_Aud2_4_260824,15/12/24 23:59,Jatni,DELIVERING,0
23,OPERATIONS_MANAGER,CA172467506135409,Ent_PerfCPI_Playgames24x7_RummyCircle_260824_D22347,AT1724740816116429,102765_CPI_Playgames24x7_RummyCircle_Aud2_4_260824,15/12/24 23:59,Kichha,DELIVERING,0
24,OPERATIONS_MANAGER,CA172467506135409,Ent_PerfCPI_Playgames24x7_RummyCircle_260824_D22347,AT1724740816116429,102765_CPI_Playgames24x7_RummyCircle_Aud2_4_260824,15/12/24 23:59,Almora,DELIVERING,0
25,OPERATIONS_MANAGER,CA172467506135409,Ent_PerfCPI_Playgames24x7_RummyCircle_260824_D22347,AT1724740887116430,102765_CPI_Playgames24x7_RummyCircle_Aud2_1_260824,15/12/24 23:59,Behera,DELIVERING,0
26,OPERATIONS_MANAGER,CA172467506135409,Ent_PerfCPI_Playgames24x7_RummyCircle_260824_D22347,AT1724740887116430,102765_CPI_Playgames24x7_RummyCircle_Aud2_1_260824,15/12/24 23:59,Bhubaneswar,DELIVERING,0
27,OPERATIONS_MANAGER,CA172467506135409,Ent_PerfCPI_Playgames24x7_RummyCircle_260824_D22347,AT1724740887116430,102765_CPI_Playgames24x7_RummyCircle_Aud2_1_260824,15/12/24 23:59,Jatni,DELIVERING,0
28,OPERATIONS_MANAGER,CA172467506135409,Ent_PerfCPI_Playgames24x7_RummyCircle_260824_D22347,AT1724740887116430,102765_CPI_Playgames24x7_RummyCircle_Aud2_1_260824,15/12/24 23:59,Kichha,DELIVERING,0
29,OPERATIONS_MANAGER,CA172467506135409,Ent_PerfCPI_Playgames24x7_RummyCircle_260824_D22347,AT1724740887116430,102765_CPI_Playgames24x7_RummyCircle_Aud2_1_260824,15/12/24 23:59,Almora,DELIVERING,0
30,OPERATIONS_MANAGER,CA172467506135409,Ent_PerfCPI_Playgames24x7_RummyCircle_260824_D22347,AT1724740968116431,102765_CPI_Playgames24x7_RummyCircle_Aud1_1_260824_MH,15/12/24 23:59,Behera,DELIVERING,0
31,OPERATIONS_MANAGER,CA172467506135409,Ent_PerfCPI_Playgames24x7_RummyCircle_260824_D22347,AT1724740968116431,102765_CPI_Playgames24x7_RummyCircle_Aud1_1_260824_MH,15/12/24 23:59,Bhubaneswar,DELIVERING,0
32,OPERATIONS_MANAGER,CA172467506135409,Ent_PerfCPI_Playgames24x7_RummyCircle_260824_D22347,AT1724740968116431,102765_CPI_Playgames24x7_RummyCircle_Aud1_1_260824_MH,15/12/24 23:59,Jatni,DELIVERING,0
33,OPERATIONS_MANAGER,CA172467506135409,Ent_PerfCPI_Playgames24x7_RummyCircle_260824_D22347,AT1724740996116432,102765_CPI_Playgames24x7_RummyCircle_Aud1_4_260824_MH,15/12/24 23:59,Behera,DELIVERING,0
34,OPERATIONS_MANAGER,CA172467506135409,Ent_PerfCPI_Playgames24x7_RummyCircle_260824_D22347,AT1724740996116432,102765_CPI_Playgames24x7_RummyCircle_Aud1_4_260824_MH,15/12/24 23:59,Bhubaneswar,DELIVERING,0
35,OPERATIONS_MANAGER,CA172467506135409,Ent_PerfCPI_Playgames24x7_RummyCircle_260824_D22347,AT1724740996116432,102765_CPI_Playgames24x7_RummyCircle_Aud1_4_260824_MH,15/12/24 23:59,Jatni,DELIVERING,0
36,OPERATIONS_MANAGER,CA172467506135409,Ent_PerfCPI_Playgames24x7_RummyCircle_260824_D22347,AT1724742685116437,102765_CPI_Playgames24x7_RummyCircle_Aud3_1_260824_MHTNKA,15/12/24 23:59,Behera,DELIVERING,0
37,OPERATIONS_MANAGER,CA172467506135409,Ent_PerfCPI_Playgames24x7_RummyCircle_260824_D22347,AT1724742685116437,102765_CPI_Playgames24x7_RummyCircle_Aud3_1_260824_MHTNKA,15/12/24 23:59,Bhubaneswar,DELIVERING,0
38,OPERATIONS_MANAGER,CA172467506135409,Ent_PerfCPI_Playgames24x7_RummyCircle_260824_D22347,AT1724742685116437,102765_CPI_Playgames24x7_RummyCircle_Aud3_1_260824_MHTNKA,15/12/24 23:59,Jatni,DELIVERING,0
39,OPERATIONS_MANAGER,CA172467506135409,Ent_PerfCPI_Playgames24x7_RummyCircle_260824_D22347,AT1724745700116440,102765_CPI_Playgames24x7_RummyCircle_Aud3_4_F_260824,15/12/24 23:59,Behera,DELIVERING,0
40,OPERATIONS_MANAGER,CA172467506135409,Ent_PerfCPI_Playgames24x7_RummyCircle_260824_D22347,AT1724745700116440,102765_CPI_Playgames24x7_RummyCircle_Aud3_4_F_260824,15/12/24 23:59,Bhubaneswar,DELIVERING,0
41,OPERATIONS_MANAGER,CA172467506135409,Ent_PerfCPI_Playgames24x7_RummyCircle_260824_D22347,AT1724745700116440,102765_CPI_Playgames24x7_RummyCircle_Aud3_4_F_260824,15/12/24 23:59,Jatni,DELIVERING,0
42,OPERATIONS_MANAGER,CA172467506135409,Ent_PerfCPI_Playgames24x7_RummyCircle_260824_D22347,AT1724745700116440,102765_CPI_Playgames24x7_RummyCircle_Aud3_4_F_260824,15/12/24 23:59,Kichha,DELIVERING,0
43,OPERATIONS_MANAGER,CA172467506135409,Ent_PerfCPI_Playgames24x7_RummyCircle_260824_D22347,AT1724745700116440,102765_CPI_Playgames24x7_RummyCircle_Aud3_4_F_260824,15/12/24 23:59,Almora,DELIVERING,0
44,OPERATIONS_MANAGER,CA172467506135409,Ent_PerfCPI_Playgames24x7_RummyCircle_260824_D22347,AT1725610277117718,102765_CPI_Playgames24x7_RummyCircle_Aud1_4_060924_iOS,15/12/24 23:59,Behera,DELIVERING,0
45,OPERATIONS_MANAGER,CA172467506135409,Ent_PerfCPI_Playgames24x7_RummyCircle_260824_D22347,AT1725610277117718,102765_CPI_Playgames24x7_RummyCircle_Aud1_4_060924_iOS,15/12/24 23:59,Bhubaneswar,DELIVERING,0
46,OPERATIONS_MANAGER,CA172467506135409,Ent_PerfCPI_Playgames24x7_RummyCircle_260824_D22347,AT1725610277117718,102765_CPI_Playgames24x7_RummyCircle_Aud1_4_060924_iOS,15/12/24 23:59,Jatni,DELIVERING,0
47,OPERATIONS_MANAGER,CA172467506135409,Ent_PerfCPI_Playgames24x7_RummyCircle_260824_D22347,AT1725610277117718,102765_CPI_Playgames24x7_RummyCircle_Aud1_4_060924_iOS,15/12/24 23:59,Kichha,DELIVERING,0
48,OPERATIONS_MANAGER,CA172467506135409,Ent_PerfCPI_Playgames24x7_RummyCircle_260824_D22347,AT1725610277117718,102765_CPI_Playgames24x7_RummyCircle_Aud1_4_060924_iOS,15/12/24 23:59,Almora,DELIVERING,0
49,ZOHO,CA172804192236540,Ent_NIVEA_BodyMilk_011024_D23058,AT1728050658120400,106463_NIVEABodyMilk_F18to34_Geos_011024_MRPR,31/12/24 23:59,Ghansoli,DELIVERING,1
50,ZOHO,CA172804192236540,Ent_NIVEA_BodyMilk_011024_D23058,AT1728050658120400,106463_NIVEABodyMilk_F18to34_Geos_011024_MRPR,31/12/24 23:59,Khopoli,DELIVERING,1
51,OPERATIONS_MANAGER,CA172831501436638,Ent_HEAD_Ace_061024_D23125,AT1728315679120758,106824_Ace_BiggBossTamilS8_20_CPM_061024_MR,17/01/25 23:59,Behera,DELIVERING,0
52,OPERATIONS_MANAGER,CA172831501436638,Ent_HEAD_Ace_061024_D23125,AT1728315679120758,106824_Ace_BiggBossTamilS8_20_CPM_061024_MR,17/01/25 23:59,Bhubaneswar,DELIVERING,0
53,OPERATIONS_MANAGER,CA172831501436638,Ent_HEAD_Ace_061024_D23125,AT1728315679120758,106824_Ace_BiggBossTamilS8_20_CPM_061024_MR,17/01/25 23:59,Jatni,DELIVERING,0
54,ZOHO,CA172778914936417,Ent_Uber_Uber_031024_D23068,AT1728387856120868,107383_Uber_F18_Bhubaneshwar_15_081024_MR,10/12/24 23:59,Bhubaneswar,DELIVERING,1
55,ZOHO,CA172778914936417,Ent_Uber_Uber_031024_D23068,AT1728387856120868,107383_Uber_F18_Bhubaneshwar_15_081024_MR,10/12/24 23:59,Jatni,DELIVERING,1
56,ZOHO,CA172847175536689,Ent_VibgyorHighschool_Vibgyor_091024_D23197,AT1728575915121299,107463_Vibgyor_Geo_1_CPM_091024_BB,31/12/24 23:59,Gurgram,DELIVERING,1
57,ZOHO,CA172853643236714,Ent_PG_ASIAN_AsianPaints_101024_D23210,AT1728585350121308,107531_AsianPaints_Geos_CTV_15_CPM_101024_MRPR,24/12/24 23:59,Bhubaneswar,DELIVERING,1
58,ZOHO,CA172853643236714,Ent_PG_ASIAN_AsianPaints_101024_D23210,AT1728585350121308,107531_AsianPaints_Geos_CTV_15_CPM_101024_MRPR,24/12/24 23:59,Nerul,DELIVERING,1
59,ZOHO,CA172853643236714,Ent_PG_ASIAN_AsianPaints_101024_D23210,AT1728585350121308,107531_AsianPaints_Geos_CTV_15_CPM_101024_MRPR,24/12/24 23:59,Belapur,DELIVERING,1
60,ZOHO,CA172853643236714,Ent_PG_ASIAN_AsianPaints_101024_D23210,AT1728585350121308,107531_AsianPaints_Geos_CTV_15_CPM_101024_MRPR,24/12/24 23:59,Ghansoli,DELIVERING,1
61,OPERATIONS_MANAGER,CA172467506135409,Ent_PerfCPI_Playgames24x7_RummyCircle_260824_D22347,AT1728644793121377,102765_CPI_Playgames24x7_RummyCircle_Eyeota_Aud4_4_111024,15/12/24 23:59,Behera,DELIVERING,0
62,OPERATIONS_MANAGER,CA172467506135409,Ent_PerfCPI_Playgames24x7_RummyCircle_260824_D22347,AT1728644793121377,102765_CPI_Playgames24x7_RummyCircle_Eyeota_Aud4_4_111024,15/12/24 23:59,Bhubaneswar,DELIVERING,0
63,OPERATIONS_MANAGER,CA172467506135409,Ent_PerfCPI_Playgames24x7_RummyCircle_260824_D22347,AT1728644793121377,102765_CPI_Playgames24x7_RummyCircle_Eyeota_Aud4_4_111024,15/12/24 23:59,Jatni,DELIVERING,0
64,OPERATIONS_MANAGER,CA172467506135409,Ent_PerfCPI_Playgames24x7_RummyCircle_260824_D22347,AT1728644793121377,102765_CPI_Playgames24x7_RummyCircle_Eyeota_Aud4_4_111024,15/12/24 23:59,Kichha,DELIVERING,0
65,OPERATIONS_MANAGER,CA172467506135409,Ent_PerfCPI_Playgames24x7_RummyCircle_260824_D22347,AT1728644793121377,102765_CPI_Playgames24x7_RummyCircle_Eyeota_Aud4_4_111024,15/12/24 23:59,Almora,DELIVERING,0
66,ZOHO,CA172863500736771,Ent_Manyavar_Mohey_141024_D23230,AT1728740537121517,107626_Mohey_F13Plus_Geos_IBT_30_CPM_141024_MR,25/01/25 23:59,Bhubaneswar,DELIVERING,1
67,ZOHO,CA172863500736771,Ent_Manyavar_Mohey_141024_D23230,AT1728740537121517,107626_Mohey_F13Plus_Geos_IBT_30_CPM_141024_MR,25/01/25 23:59,Rudraprayag,DELIVERING,1
68,ZOHO,CA172863500736771,Ent_Manyavar_Mohey_141024_D23230,AT1728740537121519,107622_Mohey_F13Plus_Geos_IBT_15_CPM_141024_MR,25/01/25 23:59,Bhubaneswar,DELIVERING,1
69,ZOHO,CA172863500736771,Ent_Manyavar_Mohey_141024_D23230,AT1728740537121519,107622_Mohey_F13Plus_Geos_IBT_15_CPM_141024_MR,25/01/25 23:59,Rudraprayag,DELIVERING,1
70,ZOHO,CA172847175536689,Ent_VibgyorHighschool_Vibgyor_091024_D23197,AT1728975503121679,107462_Vibgyor_Geo_Pausead_1_CPM_091024_BB,31/12/24 23:59,Gurgram,DELIVERING,1
71,OPERATIONS_MANAGER,CA172925416436951,Ent_Uber_Uber_031024_D23068,AT1729256975122148,107383_Uber_F18_Bhubaneshwar_15_081024_MR,10/12/24 23:59,Bhubaneswar,DELIVERING,1
72,OPERATIONS_MANAGER,CA172925416436951,Ent_Uber_Uber_031024_D23068,AT1729256975122148,107383_Uber_F18_Bhubaneshwar_15_081024_MR,10/12/24 23:59,Jatni,DELIVERING,1
73,OPERATIONS_MANAGER,CA172983490137084,Test_RevX_POC_251024,AT1730121307122821,Test_RevX_CPI_251024_MR,31/03/25 23:59,Behera,DELIVERING,0
74,OPERATIONS_MANAGER,CA172983490137084,Test_RevX_POC_251024,AT1730121307122821,Test_RevX_CPI_251024_MR,31/03/25 23:59,Bhubaneswar,DELIVERING,0
75,OPERATIONS_MANAGER,CA172983490137084,Test_RevX_POC_251024,AT1730121307122821,Test_RevX_CPI_251024_MR,31/03/25 23:59,Jatni,DELIVERING,0
76,OPERATIONS_MANAGER,CA172983490137084,Test_RevX_POC_251024,AT1730121307122821,Test_RevX_CPI_251024_MR,31/03/25 23:59,Kichha,DELIVERING,0
77,OPERATIONS_MANAGER,CA172983490137084,Test_RevX_POC_251024,AT1730121307122821,Test_RevX_CPI_251024_MR,31/03/25 23:59,Almora,DELIVERING,0
78,ZOHO,CA173019418637194,Ent_PG_Krbl_India_291024_D23551,AT1730268750123095,109138_India_MF25to44_Geos_10_CPM_291024_MR,31/12/24 23:59,Chakdaha,DELIVERING,1
79,ZOHO,CA173019418637194,Ent_PG_Krbl_India_291024_D23551,AT1730268750123096,109137_India_MF25to44_Geos_20_CPM_291024_MR,31/12/24 23:59,Chakdaha,DELIVERING,1
80,ZOHO,CA172983315037080,Ent_Himalaya_Himalaya_241024_D23465,AT1730298488123231,108668_Himalaya_F18to34_Calcutta_30_241024,15/12/24 23:59,Bhubaneswar,DELIVERING,1
81,ZOHO,CA172983315037080,Ent_Himalaya_Himalaya_241024_D23465,AT1730298488123231,108668_Himalaya_F18to34_Calcutta_30_241024,15/12/24 23:59,Sonepur,DELIVERING,1
82,ZOHO,CA172983315037080,Ent_Himalaya_Himalaya_241024_D23465,AT1730298488123231,108668_Himalaya_F18to34_Calcutta_30_241024,15/12/24 23:59,Haldia,DELIVERING,1
83,ZOHO,CA172983315037080,Ent_Himalaya_Himalaya_241024_D23465,AT1730298488123231,108668_Himalaya_F18to34_Calcutta_30_241024,15/12/24 23:59,Siliguri,DELIVERING,1
84,ZOHO,CA172983315037080,Ent_Himalaya_Himalaya_241024_D23465,AT1730298488123231,108668_Himalaya_F18to34_Calcutta_30_241024,15/12/24 23:59,Jeypore,DELIVERING,1
85,ZOHO,CA172983315037080,Ent_Himalaya_Himalaya_241024_D23465,AT1730298488123231,108668_Himalaya_F18to34_Calcutta_30_241024,15/12/24 23:59,Malkangiri,DELIVERING,1
86,ZOHO,CA172983315037080,Ent_Himalaya_Himalaya_241024_D23465,AT1730298488123231,108668_Himalaya_F18to34_Calcutta_30_241024,15/12/24 23:59,Keonjhar Court,DELIVERING,1
87,ZOHO,CA172983315037080,Ent_Himalaya_Himalaya_241024_D23465,AT1730298488123231,108668_Himalaya_F18to34_Calcutta_30_241024,15/12/24 23:59,7th Mile Kalimpong,DELIVERING,1
88,ZOHO,CA172983315037080,Ent_Himalaya_Himalaya_241024_D23465,AT1730298488123231,108668_Himalaya_F18to34_Calcutta_30_241024,15/12/24 23:59,Paya-medinipur,DELIVERING,1
89,ZOHO,CA172961264837018,Ent_Manyavar_Manyavar_221024_D23410,AT1730729177123844,108424_Manyavar_M18Plus_Geos_IBT_10_CPM_061124_MRPR,10/12/24 23:59,Bhubaneswar,DELIVERING,1
90,ZOHO,CA172961264837018,Ent_Manyavar_Manyavar_221024_D23410,AT1730729177123844,108424_Manyavar_M18Plus_Geos_IBT_10_CPM_061124_MRPR,10/12/24 23:59,Rudraprayag,DELIVERING,1
91,OPERATIONS_MANAGER,CA173072175237333,Ent_PG_NESTLE_PurinaFelix_041124_D23626,AT1730799221123904,109496_FELIX_Delhi_Geos_Eyeoto_041124_MRPR,15/12/24 23:59,Bhubaneswar,DELIVERING,1
92,ZOHO,CA172983315037080,Ent_Himalaya_Himalaya_241024_D23465,AT1730876109123991,108671_Himalaya_F18to34_Calcutta_20_241024,15/12/24 23:59,Bhubaneswar,DELIVERING,1
93,ZOHO,CA172983315037080,Ent_Himalaya_Himalaya_241024_D23465,AT1730876109123991,108671_Himalaya_F18to34_Calcutta_20_241024,15/12/24 23:59,Sonepur,DELIVERING,1
94,ZOHO,CA172983315037080,Ent_Himalaya_Himalaya_241024_D23465,AT1730876109123991,108671_Himalaya_F18to34_Calcutta_20_241024,15/12/24 23:59,Haldia,DELIVERING,1
95,ZOHO,CA172983315037080,Ent_Himalaya_Himalaya_241024_D23465,AT1730876109123991,108671_Himalaya_F18to34_Calcutta_20_241024,15/12/24 23:59,Siliguri,DELIVERING,1
96,ZOHO,CA172983315037080,Ent_Himalaya_Himalaya_241024_D23465,AT1730876109123991,108671_Himalaya_F18to34_Calcutta_20_241024,15/12/24 23:59,Jeypore,DELIVERING,1
97,ZOHO,CA172983315037080,Ent_Himalaya_Himalaya_241024_D23465,AT1730876109123991,108671_Himalaya_F18to34_Calcutta_20_241024,15/12/24 23:59,Malkangiri,DELIVERING,1
98,ZOHO,CA172983315037080,Ent_Himalaya_Himalaya_241024_D23465,AT1730876109123991,108671_Himalaya_F18to34_Calcutta_20_241024,15/12/24 23:59,Keonjhar Court,DELIVERING,1
99,ZOHO,CA172983315037080,Ent_Himalaya_Himalaya_241024_D23465,AT1730876109123991,108671_Himalaya_F18to34_Calcutta_20_241024,15/12/24 23:59,7th Mile Kalimpong,DELIVERING,1
100,ZOHO,CA172983315037080,Ent_Himalaya_Himalaya_241024_D23465,AT1730876109123991,108671_Himalaya_F18to34_Calcutta_20_241024,15/12/24 23:59,Paya-medinipur,DELIVERING,1
101,OPERATIONS_MANAGER,CA173080788737357,Ent_PG_Kelloggs_Muesli_CTV_051124_D23644,AT1730879140124001,109561_Muesli_Geos_051124_MRPR,21/12/24 23:59,Bhubaneswar,DELIVERING,1
102,OPERATIONS_MANAGER,CA173089074737371,Ent_Kelloggs_Muesli_23Cities_071124_D23634,AT1730963127124065,109523_Muesli_MF18to44_23Cities_071124_MRPR,21/12/24 23:59,Bhubaneswar,DELIVERING,1
103,ZOHO,CA173104130837417,Ent_Merino_Merino_081124_D23661,AT1731065556124235,109611_Merino_Geos_CTV_20_CPM_151124_MR,15/12/24 23:59,Bhubaneswar,DELIVERING,1
104,ZOHO,CA173104130837417,Ent_Merino_Merino_081124_D23661,AT1731065556124235,109611_Merino_Geos_CTV_20_CPM_151124_MR,15/12/24 23:59,Mohali,DELIVERING,1
105,OPERATIONS_MANAGER,CA173096335837387,Ent_PauseAds_LOREAL_REDKEN_111124_D23662,AT1731072405124247,109612_LOREAL_REDKEN_Pauseads_Geos_111124,15/12/24 23:59,Nerul,DELIVERING,1
106,OPERATIONS_MANAGER,CA173096335837387,Ent_PauseAds_LOREAL_REDKEN_111124_D23662,AT1731072405124247,109612_LOREAL_REDKEN_Pauseads_Geos_111124,15/12/24 23:59,Belapur,DELIVERING,1
107,OPERATIONS_MANAGER,CA173096335837387,Ent_PauseAds_LOREAL_REDKEN_111124_D23662,AT1731072405124247,109612_LOREAL_REDKEN_Pauseads_Geos_111124,15/12/24 23:59,Ghansoli,DELIVERING,1
108,OPERATIONS_MANAGER,CA173096335837387,Ent_PauseAds_LOREAL_REDKEN_111124_D23662,AT1731072405124247,109612_LOREAL_REDKEN_Pauseads_Geos_111124,15/12/24 23:59,Gurgram,DELIVERING,1
109,ZOHO,CA173107211137440,Ent_KFC_KFC_081124_D23699,AT1731082091124260,109852_KFC_MF18to44_Mohali_12_CPM_081124_MR,08/12/24 23:59,Mohali,DELIVERING,1
110,ZOHO,CA173097723137406,Ent_PG_PerfettiVanMelle_Happydent_071124_D23687,AT1731128858124266,109725_Happydent_MF18to24_TNGeos_IBT_20_CPM_071124_MRPR,06/12/24 23:59,Neyveli 1,DELIVERING,1
111,ZOHO,CA173097723137406,Ent_PG_PerfettiVanMelle_Happydent_071124_D23687,AT1731128858124266,109725_Happydent_MF18to24_TNGeos_IBT_20_CPM_071124_MRPR,06/12/24 23:59,Bhavani,DELIVERING,1
112,ZOHO,CA173097723137406,Ent_PG_PerfettiVanMelle_Happydent_071124_D23687,AT1731128858124266,109725_Happydent_MF18to24_TNGeos_IBT_20_CPM_071124_MRPR,06/12/24 23:59,Ambur,DELIVERING,1
113,ZOHO,CA173097723137406,Ent_PG_PerfettiVanMelle_Happydent_071124_D23687,AT1731128858124266,109725_Happydent_MF18to24_TNGeos_IBT_20_CPM_071124_MRPR,06/12/24 23:59,Chidambaram,DELIVERING,1
114,ZOHO,CA173097723137406,Ent_PG_PerfettiVanMelle_Happydent_071124_D23687,AT1731128858124266,109725_Happydent_MF18to24_TNGeos_IBT_20_CPM_071124_MRPR,06/12/24 23:59,Kadayanallur,DELIVERING,1
115,ZOHO,CA173097723137406,Ent_PG_PerfettiVanMelle_Happydent_071124_D23687,AT1731128858124266,109725_Happydent_MF18to24_TNGeos_IBT_20_CPM_071124_MRPR,06/12/24 23:59,Mannargudi,DELIVERING,1
116,ZOHO,CA173097723137406,Ent_PG_PerfettiVanMelle_Happydent_071124_D23687,AT1731128858124266,109725_Happydent_MF18to24_TNGeos_IBT_20_CPM_071124_MRPR,06/12/24 23:59,Rajapalayam,DELIVERING,1
117,ZOHO,CA173097723137406,Ent_PG_PerfettiVanMelle_Happydent_071124_D23687,AT1731128858124266,109725_Happydent_MF18to24_TNGeos_IBT_20_CPM_071124_MRPR,06/12/24 23:59,Rasipuram,DELIVERING,1
118,ZOHO,CA173097723137406,Ent_PG_PerfettiVanMelle_Happydent_071124_D23687,AT1731128858124266,109725_Happydent_MF18to24_TNGeos_IBT_20_CPM_071124_MRPR,06/12/24 23:59,Sankarankovil,DELIVERING,1
119,ZOHO,CA173097723137406,Ent_PG_PerfettiVanMelle_Happydent_071124_D23687,AT1731128858124266,109725_Happydent_MF18to24_TNGeos_IBT_20_CPM_071124_MRPR,06/12/24 23:59,Tenkasi,DELIVERING,1
120,ZOHO,CA173097723137406,Ent_PG_PerfettiVanMelle_Happydent_071124_D23687,AT1731128858124266,109725_Happydent_MF18to24_TNGeos_IBT_20_CPM_071124_MRPR,06/12/24 23:59,Aruppukottai,DELIVERING,1
121,ZOHO,CA173097723137406,Ent_PG_PerfettiVanMelle_Happydent_071124_D23687,AT1731128858124266,109725_Happydent_MF18to24_TNGeos_IBT_20_CPM_071124_MRPR,06/12/24 23:59,2 No Bokanala,DELIVERING,1
122,ZOHO,CA173097723137406,Ent_PG_PerfettiVanMelle_Happydent_071124_D23687,AT1731128858124267,109726_Happydent_MF18to24_ApTelGeos_IBT_20_CPM_071124_MRPR,06/12/24 23:59,Kothagudem Bazar,DELIVERING,1
123,ZOHO,CA173097723137406,Ent_PG_PerfettiVanMelle_Happydent_071124_D23687,AT1731128858124267,109726_Happydent_MF18to24_ApTelGeos_IBT_20_CPM_071124_MRPR,06/12/24 23:59,Adoni,DELIVERING,1
124,ZOHO,CA173097723137406,Ent_PG_PerfettiVanMelle_Happydent_071124_D23687,AT1731128858124267,109726_Happydent_MF18to24_ApTelGeos_IBT_20_CPM_071124_MRPR,06/12/24 23:59,Anakapalle,DELIVERING,1
125,ZOHO,CA173097723137406,Ent_PG_PerfettiVanMelle_Happydent_071124_D23687,AT1731128858124267,109726_Happydent_MF18to24_ApTelGeos_IBT_20_CPM_071124_MRPR,06/12/24 23:59,Bhadrachalam,DELIVERING,1
126,ZOHO,CA173097723137406,Ent_PG_PerfettiVanMelle_Happydent_071124_D23687,AT1731128858124267,109726_Happydent_MF18to24_ApTelGeos_IBT_20_CPM_071124_MRPR,06/12/24 23:59,Dhone,DELIVERING,1
127,ZOHO,CA173097723137406,Ent_PG_PerfettiVanMelle_Happydent_071124_D23687,AT1731128858124267,109726_Happydent_MF18to24_ApTelGeos_IBT_20_CPM_071124_MRPR,06/12/24 23:59,Gooty,DELIVERING,1
128,ZOHO,CA173097723137406,Ent_PG_PerfettiVanMelle_Happydent_071124_D23687,AT1731128858124267,109726_Happydent_MF18to24_ApTelGeos_IBT_20_CPM_071124_MRPR,06/12/24 23:59,Jangaon,DELIVERING,1
129,ZOHO,CA173097723137406,Ent_PG_PerfettiVanMelle_Happydent_071124_D23687,AT1731128858124267,109726_Happydent_MF18to24_ApTelGeos_IBT_20_CPM_071124_MRPR,06/12/24 23:59,Koduru,DELIVERING,1
130,ZOHO,CA173097723137406,Ent_PG_PerfettiVanMelle_Happydent_071124_D23687,AT1731128858124267,109726_Happydent_MF18to24_ApTelGeos_IBT_20_CPM_071124_MRPR,06/12/24 23:59,Mangalagiri,DELIVERING,1
131,ZOHO,CA173097723137406,Ent_PG_PerfettiVanMelle_Happydent_071124_D23687,AT1731128858124267,109726_Happydent_MF18to24_ApTelGeos_IBT_20_CPM_071124_MRPR,06/12/24 23:59,Miryalguda,DELIVERING,1
132,ZOHO,CA173097723137406,Ent_PG_PerfettiVanMelle_Happydent_071124_D23687,AT1731128858124267,109726_Happydent_MF18to24_ApTelGeos_IBT_20_CPM_071124_MRPR,06/12/24 23:59,Pithapuram,DELIVERING,1
133,ZOHO,CA173097723137406,Ent_PG_PerfettiVanMelle_Happydent_071124_D23687,AT1731128858124267,109726_Happydent_MF18to24_ApTelGeos_IBT_20_CPM_071124_MRPR,06/12/24 23:59,Addanki,DELIVERING,1
134,ZOHO,CA173097723137406,Ent_PG_PerfettiVanMelle_Happydent_071124_D23687,AT1731128858124267,109726_Happydent_MF18to24_ApTelGeos_IBT_20_CPM_071124_MRPR,06/12/24 23:59,Rajampet,DELIVERING,1
135,ZOHO,CA173097723137406,Ent_PG_PerfettiVanMelle_Happydent_071124_D23687,AT1731128858124267,109726_Happydent_MF18to24_ApTelGeos_IBT_20_CPM_071124_MRPR,06/12/24 23:59,Markapur Bazar,DELIVERING,1
136,ZOHO,CA173097723137406,Ent_PG_PerfettiVanMelle_Happydent_071124_D23687,AT1731128858124267,109726_Happydent_MF18to24_ApTelGeos_IBT_20_CPM_071124_MRPR,06/12/24 23:59,Bhainsa,DELIVERING,1
137,ZOHO,CA173097723137406,Ent_PG_PerfettiVanMelle_Happydent_071124_D23687,AT1731128859124268,109728_Happydent_MF18to24_GJGeos_IBT_20_CPM_071124_MRPR,06/12/24 23:59,Silvassa,DELIVERING,1
138,ZOHO,CA173097723137406,Ent_PG_PerfettiVanMelle_Happydent_071124_D23687,AT1731128859124268,109728_Happydent_MF18to24_GJGeos_IBT_20_CPM_071124_MRPR,06/12/24 23:59,Veraval,DELIVERING,1
139,ZOHO,CA173097723137406,Ent_PG_PerfettiVanMelle_Happydent_071124_D23687,AT1731128859124268,109728_Happydent_MF18to24_GJGeos_IBT_20_CPM_071124_MRPR,06/12/24 23:59,Dahod,DELIVERING,1
140,ZOHO,CA173097723137406,Ent_PG_PerfettiVanMelle_Happydent_071124_D23687,AT1731128859124268,109728_Happydent_MF18to24_GJGeos_IBT_20_CPM_071124_MRPR,06/12/24 23:59,Palanpur,DELIVERING,1
141,ZOHO,CA173097723137406,Ent_PG_PerfettiVanMelle_Happydent_071124_D23687,AT1731128859124268,109728_Happydent_MF18to24_GJGeos_IBT_20_CPM_071124_MRPR,06/12/24 23:59,Gandhidham,DELIVERING,1
142,ZOHO,CA173097723137406,Ent_PG_PerfettiVanMelle_Happydent_071124_D23687,AT1731128859124268,109728_Happydent_MF18to24_GJGeos_IBT_20_CPM_071124_MRPR,06/12/24 23:59,Amod,DELIVERING,1
143,ZOHO,CA173097723137406,Ent_PG_PerfettiVanMelle_Happydent_071124_D23687,AT1731128859124268,109728_Happydent_MF18to24_GJGeos_IBT_20_CPM_071124_MRPR,06/12/24 23:59,Bilimora,DELIVERING,1
144,ZOHO,CA173097723137406,Ent_PG_PerfettiVanMelle_Happydent_071124_D23687,AT1731128859124268,109728_Happydent_MF18to24_GJGeos_IBT_20_CPM_071124_MRPR,06/12/24 23:59,Khambhat,DELIVERING,1
145,ZOHO,CA173097723137406,Ent_PG_PerfettiVanMelle_Happydent_071124_D23687,AT1731128859124268,109728_Happydent_MF18to24_GJGeos_IBT_20_CPM_071124_MRPR,06/12/24 23:59,Mahemdavad,DELIVERING,1
146,ZOHO,CA173097723137406,Ent_PG_PerfettiVanMelle_Happydent_071124_D23687,AT1731128859124268,109728_Happydent_MF18to24_GJGeos_IBT_20_CPM_071124_MRPR,06/12/24 23:59,Sanand,DELIVERING,1
147,ZOHO,CA173097723137406,Ent_PG_PerfettiVanMelle_Happydent_071124_D23687,AT1731128859124268,109728_Happydent_MF18to24_GJGeos_IBT_20_CPM_071124_MRPR,06/12/24 23:59,Viramgam,DELIVERING,1
148,ZOHO,CA173097723137406,Ent_PG_PerfettiVanMelle_Happydent_071124_D23687,AT1731128859124268,109728_Happydent_MF18to24_GJGeos_IBT_20_CPM_071124_MRPR,06/12/24 23:59,Visnagar,DELIVERING,1
149,ZOHO,CA173097723137406,Ent_PG_PerfettiVanMelle_Happydent_071124_D23687,AT1731128859124268,109728_Happydent_MF18to24_GJGeos_IBT_20_CPM_071124_MRPR,06/12/24 23:59,Chikhli,DELIVERING,1
150,ZOHO,CA173097723137406,Ent_PG_PerfettiVanMelle_Happydent_071124_D23687,AT1731128859124268,109728_Happydent_MF18to24_GJGeos_IBT_20_CPM_071124_MRPR,06/12/24 23:59,Vapi,DELIVERING,1
151,ZOHO,CA173097723137406,Ent_PG_PerfettiVanMelle_Happydent_071124_D23687,AT1731128859124268,109728_Happydent_MF18to24_GJGeos_IBT_20_CPM_071124_MRPR,06/12/24 23:59,Modas,DELIVERING,1
152,ZOHO,CA173097723137406,Ent_PG_PerfettiVanMelle_Happydent_071124_D23687,AT1731128859124268,109728_Happydent_MF18to24_GJGeos_IBT_20_CPM_071124_MRPR,06/12/24 23:59,Baroda,DELIVERING,1
153,ZOHO,CA173097723137406,Ent_PG_PerfettiVanMelle_Happydent_071124_D23687,AT1731128859124269,109730_Happydent_MF18to24_KARGeos_IBT_20_CPM_071124_MRPR,06/12/24 23:59,Ankola,DELIVERING,1
154,ZOHO,CA173097723137406,Ent_PG_PerfettiVanMelle_Happydent_071124_D23687,AT1731128859124269,109730_Happydent_MF18to24_KARGeos_IBT_20_CPM_071124_MRPR,06/12/24 23:59,Bhalki,DELIVERING,1
155,ZOHO,CA173097723137406,Ent_PG_PerfettiVanMelle_Happydent_071124_D23687,AT1731128859124269,109730_Happydent_MF18to24_KARGeos_IBT_20_CPM_071124_MRPR,06/12/24 23:59,Channapatna,DELIVERING,1
156,ZOHO,CA173097723137406,Ent_PG_PerfettiVanMelle_Happydent_071124_D23687,AT1731128859124269,109730_Happydent_MF18to24_KARGeos_IBT_20_CPM_071124_MRPR,06/12/24 23:59,Dandeli,DELIVERING,1
157,ZOHO,CA173097723137406,Ent_PG_PerfettiVanMelle_Happydent_071124_D23687,AT1731128859124269,109730_Happydent_MF18to24_KARGeos_IBT_20_CPM_071124_MRPR,06/12/24 23:59,Hospet,DELIVERING,1
158,ZOHO,CA173097723137406,Ent_PG_PerfettiVanMelle_Happydent_071124_D23687,AT1731128859124269,109730_Happydent_MF18to24_KARGeos_IBT_20_CPM_071124_MRPR,06/12/24 23:59,Hunsur,DELIVERING,1
159,ZOHO,CA173097723137406,Ent_PG_PerfettiVanMelle_Happydent_071124_D23687,AT1731128859124269,109730_Happydent_MF18to24_KARGeos_IBT_20_CPM_071124_MRPR,06/12/24 23:59,Ilkal,DELIVERING,1
160,ZOHO,CA173097723137406,Ent_PG_PerfettiVanMelle_Happydent_071124_D23687,AT1731128859124269,109730_Happydent_MF18to24_KARGeos_IBT_20_CPM_071124_MRPR,06/12/24 23:59,Kanakapura,DELIVERING,1
161,ZOHO,CA173097723137406,Ent_PG_PerfettiVanMelle_Happydent_071124_D23687,AT1731128859124269,109730_Happydent_MF18to24_KARGeos_IBT_20_CPM_071124_MRPR,06/12/24 23:59,Karkala,DELIVERING,1
162,ZOHO,CA173097723137406,Ent_PG_PerfettiVanMelle_Happydent_071124_D23687,AT1731128859124269,109730_Happydent_MF18to24_KARGeos_IBT_20_CPM_071124_MRPR,06/12/24 23:59,Kollegal,DELIVERING,1
163,ZOHO,CA173097723137406,Ent_PG_PerfettiVanMelle_Happydent_071124_D23687,AT1731128859124269,109730_Happydent_MF18to24_KARGeos_IBT_20_CPM_071124_MRPR,06/12/24 23:59,Kumta,DELIVERING,1
164,ZOHO,CA173097723137406,Ent_PG_PerfettiVanMelle_Happydent_071124_D23687,AT1731128859124269,109730_Happydent_MF18to24_KARGeos_IBT_20_CPM_071124_MRPR,06/12/24 23:59,Kunigal,DELIVERING,1
165,ZOHO,CA173097723137406,Ent_PG_PerfettiVanMelle_Happydent_071124_D23687,AT1731128859124269,109730_Happydent_MF18to24_KARGeos_IBT_20_CPM_071124_MRPR,06/12/24 23:59,Kushalnagar,DELIVERING,1
166,ZOHO,CA173097723137406,Ent_PG_PerfettiVanMelle_Happydent_071124_D23687,AT1731128859124269,109730_Happydent_MF18to24_KARGeos_IBT_20_CPM_071124_MRPR,06/12/24 23:59,Nanjangud,DELIVERING,1
167,ZOHO,CA173097723137406,Ent_PG_PerfettiVanMelle_Happydent_071124_D23687,AT1731128859124269,109730_Happydent_MF18to24_KARGeos_IBT_20_CPM_071124_MRPR,06/12/24 23:59,Nelamangala,DELIVERING,1
168,ZOHO,CA173097723137406,Ent_PG_PerfettiVanMelle_Happydent_071124_D23687,AT1731128859124269,109730_Happydent_MF18to24_KARGeos_IBT_20_CPM_071124_MRPR,06/12/24 23:59,Sidlaghatta,DELIVERING,1
169,ZOHO,CA173097723137406,Ent_PG_PerfettiVanMelle_Happydent_071124_D23687,AT1731128859124269,109730_Happydent_MF18to24_KARGeos_IBT_20_CPM_071124_MRPR,06/12/24 23:59,Ranebennur,DELIVERING,1
170,ZOHO,CA173097723137406,Ent_PG_PerfettiVanMelle_Happydent_071124_D23687,AT1731128859124269,109730_Happydent_MF18to24_KARGeos_IBT_20_CPM_071124_MRPR,06/12/24 23:59,Harihara,DELIVERING,1
171,ZOHO,CA173097723137406,Ent_PG_PerfettiVanMelle_Happydent_071124_D23687,AT1731128859124269,109730_Happydent_MF18to24_KARGeos_IBT_20_CPM_071124_MRPR,06/12/24 23:59,Maddur,DELIVERING,1
172,ZOHO,CA173097723137406,Ent_PG_PerfettiVanMelle_Happydent_071124_D23687,AT1731128859124271,109727_Happydent_MF18to24_MAHGeos_IBT_20_CPM_071124_MRPR,06/12/24 23:59,Gondia,DELIVERING,1
173,ZOHO,CA173097723137406,Ent_PG_PerfettiVanMelle_Happydent_071124_D23687,AT1731128859124271,109727_Happydent_MF18to24_MAHGeos_IBT_20_CPM_071124_MRPR,06/12/24 23:59,Ulhasnagar,DELIVERING,1
174,ZOHO,CA173097723137406,Ent_PG_PerfettiVanMelle_Happydent_071124_D23687,AT1731128859124271,109727_Happydent_MF18to24_MAHGeos_IBT_20_CPM_071124_MRPR,06/12/24 23:59,Boisar,DELIVERING,1
175,ZOHO,CA173097723137406,Ent_PG_PerfettiVanMelle_Happydent_071124_D23687,AT1731128859124271,109727_Happydent_MF18to24_MAHGeos_IBT_20_CPM_071124_MRPR,06/12/24 23:59,Chikhli,DELIVERING,1
176,ZOHO,CA173097723137406,Ent_PG_PerfettiVanMelle_Happydent_071124_D23687,AT1731128859124271,109727_Happydent_MF18to24_MAHGeos_IBT_20_CPM_071124_MRPR,06/12/24 23:59,Hingoli,DELIVERING,1
177,ZOHO,CA173097723137406,Ent_PG_PerfettiVanMelle_Happydent_071124_D23687,AT1731128859124271,109727_Happydent_MF18to24_MAHGeos_IBT_20_CPM_071124_MRPR,06/12/24 23:59,Kalwa,DELIVERING,1
178,ZOHO,CA173097723137406,Ent_PG_PerfettiVanMelle_Happydent_071124_D23687,AT1731128859124271,109727_Happydent_MF18to24_MAHGeos_IBT_20_CPM_071124_MRPR,06/12/24 23:59,Khamgaon,DELIVERING,1
179,ZOHO,CA173097723137406,Ent_PG_PerfettiVanMelle_Happydent_071124_D23687,AT1731128859124271,109727_Happydent_MF18to24_MAHGeos_IBT_20_CPM_071124_MRPR,06/12/24 23:59,Khopoli,DELIVERING,1
180,ZOHO,CA173097723137406,Ent_PG_PerfettiVanMelle_Happydent_071124_D23687,AT1731128859124271,109727_Happydent_MF18to24_MAHGeos_IBT_20_CPM_071124_MRPR,06/12/24 23:59,Manmad,DELIVERING,1
181,ZOHO,CA173097723137406,Ent_PG_PerfettiVanMelle_Happydent_071124_D23687,AT1731128859124271,109727_Happydent_MF18to24_MAHGeos_IBT_20_CPM_071124_MRPR,06/12/24 23:59,Shirpur,DELIVERING,1
182,ZOHO,CA173097723137406,Ent_PG_PerfettiVanMelle_Happydent_071124_D23687,AT1731128859124271,109727_Happydent_MF18to24_MAHGeos_IBT_20_CPM_071124_MRPR,06/12/24 23:59,Sinnar,DELIVERING,1
183,ZOHO,CA173097723137406,Ent_PG_PerfettiVanMelle_Happydent_071124_D23687,AT1731128859124271,109727_Happydent_MF18to24_MAHGeos_IBT_20_CPM_071124_MRPR,06/12/24 23:59,Talegaon,DELIVERING,1
184,ZOHO,CA173097723137406,Ent_PG_PerfettiVanMelle_Happydent_071124_D23687,AT1731128859124271,109727_Happydent_MF18to24_MAHGeos_IBT_20_CPM_071124_MRPR,06/12/24 23:59,Lonavala,DELIVERING,1
185,ZOHO,CA173097723137406,Ent_PG_PerfettiVanMelle_Happydent_071124_D23687,AT1731128859124271,109727_Happydent_MF18to24_MAHGeos_IBT_20_CPM_071124_MRPR,06/12/24 23:59,Ambernath,DELIVERING,1
186,ZOHO,CA173097723137406,Ent_PG_PerfettiVanMelle_Happydent_071124_D23687,AT1731128859124272,109729_Happydent_MF18to24_UPGeos_IBT_20_CPM_071124_MRPR,06/12/24 23:59,Hapur,DELIVERING,1
187,ZOHO,CA173097723137406,Ent_PG_PerfettiVanMelle_Happydent_071124_D23687,AT1731128859124272,109729_Happydent_MF18to24_UPGeos_IBT_20_CPM_071124_MRPR,06/12/24 23:59,Mainpuri,DELIVERING,1
188,ZOHO,CA173097723137406,Ent_PG_PerfettiVanMelle_Happydent_071124_D23687,AT1731128859124272,109729_Happydent_MF18to24_UPGeos_IBT_20_CPM_071124_MRPR,06/12/24 23:59,Sambhal,DELIVERING,1
189,ZOHO,CA173097723137406,Ent_PG_PerfettiVanMelle_Happydent_071124_D23687,AT1731128859124272,109729_Happydent_MF18to24_UPGeos_IBT_20_CPM_071124_MRPR,06/12/24 23:59,Unnao,DELIVERING,1
190,ZOHO,CA173097723137406,Ent_PG_PerfettiVanMelle_Happydent_071124_D23687,AT1731128859124272,109729_Happydent_MF18to24_UPGeos_IBT_20_CPM_071124_MRPR,06/12/24 23:59,Nagina,DELIVERING,1
191,ZOHO,CA173097723137406,Ent_PG_PerfettiVanMelle_Happydent_071124_D23687,AT1731128859124272,109729_Happydent_MF18to24_UPGeos_IBT_20_CPM_071124_MRPR,06/12/24 23:59,Auraiya,DELIVERING,1
192,ZOHO,CA173097723137406,Ent_PG_PerfettiVanMelle_Happydent_071124_D23687,AT1731128859124272,109729_Happydent_MF18to24_UPGeos_IBT_20_CPM_071124_MRPR,06/12/24 23:59,Bhadohi,DELIVERING,1
193,ZOHO,CA173097723137406,Ent_PG_PerfettiVanMelle_Happydent_071124_D23687,AT1731128859124272,109729_Happydent_MF18to24_UPGeos_IBT_20_CPM_071124_MRPR,06/12/24 23:59,Deoband,DELIVERING,1
194,ZOHO,CA173097723137406,Ent_PG_PerfettiVanMelle_Happydent_071124_D23687,AT1731128859124272,109729_Happydent_MF18to24_UPGeos_IBT_20_CPM_071124_MRPR,06/12/24 23:59,Dhanaura,DELIVERING,1
195,ZOHO,CA173097723137406,Ent_PG_PerfettiVanMelle_Happydent_071124_D23687,AT1731128859124272,109729_Happydent_MF18to24_UPGeos_IBT_20_CPM_071124_MRPR,06/12/24 23:59,Etah,DELIVERING,1
196,ZOHO,CA173097723137406,Ent_PG_PerfettiVanMelle_Happydent_071124_D23687,AT1731128859124272,109729_Happydent_MF18to24_UPGeos_IBT_20_CPM_071124_MRPR,06/12/24 23:59,Gulaothi,DELIVERING,1
197,ZOHO,CA173097723137406,Ent_PG_PerfettiVanMelle_Happydent_071124_D23687,AT1731128859124272,109729_Happydent_MF18to24_UPGeos_IBT_20_CPM_071124_MRPR,06/12/24 23:59,Kairana,DELIVERING,1
198,ZOHO,CA173097723137406,Ent_PG_PerfettiVanMelle_Happydent_071124_D23687,AT1731128859124272,109729_Happydent_MF18to24_UPGeos_IBT_20_CPM_071124_MRPR,06/12/24 23:59,Kasganj,DELIVERING,1
199,ZOHO,CA173097723137406,Ent_PG_PerfettiVanMelle_Happydent_071124_D23687,AT1731128859124272,109729_Happydent_MF18to24_UPGeos_IBT_20_CPM_071124_MRPR,06/12/24 23:59,Padrauna,DELIVERING,1
200,ZOHO,CA173097723137406,Ent_PG_PerfettiVanMelle_Happydent_071124_D23687,AT1731128859124272,109729_Happydent_MF18to24_UPGeos_IBT_20_CPM_071124_MRPR,06/12/24 23:59,Sardhana,DELIVERING,1
201,ZOHO,CA173097723137406,Ent_PG_PerfettiVanMelle_Happydent_071124_D23687,AT1731128859124272,109729_Happydent_MF18to24_UPGeos_IBT_20_CPM_071124_MRPR,06/12/24 23:59,Shikohabad,DELIVERING,1
202,ZOHO,CA173097723137406,Ent_PG_PerfettiVanMelle_Happydent_071124_D23687,AT1731128859124272,109729_Happydent_MF18to24_UPGeos_IBT_20_CPM_071124_MRPR,06/12/24 23:59,Dhampur,DELIVERING,1
203,ZOHO,CA173097723137406,Ent_PG_PerfettiVanMelle_Happydent_071124_D23687,AT1731128859124272,109729_Happydent_MF18to24_UPGeos_IBT_20_CPM_071124_MRPR,06/12/24 23:59,Jewar,DELIVERING,1
204,ZOHO,CA173097723137406,Ent_PG_PerfettiVanMelle_Happydent_071124_D23687,AT1731128859124272,109729_Happydent_MF18to24_UPGeos_IBT_20_CPM_071124_MRPR,06/12/24 23:59,Gangoh,DELIVERING,1
205,ZOHO,CA173097723137406,Ent_PG_PerfettiVanMelle_Happydent_071124_D23687,AT1731128859124272,109729_Happydent_MF18to24_UPGeos_IBT_20_CPM_071124_MRPR,06/12/24 23:59,Kushinagar,DELIVERING,1
206,ZOHO,CA173097723137406,Ent_PG_PerfettiVanMelle_Happydent_071124_D23687,AT1731128859124272,109729_Happydent_MF18to24_UPGeos_IBT_20_CPM_071124_MRPR,06/12/24 23:59,Sikandrabad,DELIVERING,1
207,ZOHO,CA173097723137406,Ent_PG_PerfettiVanMelle_Happydent_071124_D23687,AT1731128859124272,109729_Happydent_MF18to24_UPGeos_IBT_20_CPM_071124_MRPR,06/12/24 23:59,Ghosi,DELIVERING,1
208,ZOHO,CA173097723137406,Ent_PG_PerfettiVanMelle_Happydent_071124_D23687,AT1731128859124272,109729_Happydent_MF18to24_UPGeos_IBT_20_CPM_071124_MRPR,06/12/24 23:59,Kundah,DELIVERING,1
209,ZOHO,CA173105592237426,Ent_PG_ASIAN_AsianPaints_111124_D23706,AT1731180421124283,109817_AsianPaints_HinMarkets_20_CTV_CPM_111124_MRPR,10/12/24 23:59,Bhubaneswar,DELIVERING,1
210,ZOHO,CA173105592237426,Ent_PG_ASIAN_AsianPaints_111124_D23706,AT1731180421124283,109817_AsianPaints_HinMarkets_20_CTV_CPM_111124_MRPR,10/12/24 23:59,Ratlam,DELIVERING,1
211,ZOHO,CA173105592237426,Ent_PG_ASIAN_AsianPaints_111124_D23706,AT1731180421124283,109817_AsianPaints_HinMarkets_20_CTV_CPM_111124_MRPR,10/12/24 23:59,Gandhidham,DELIVERING,1
212,ZOHO,CA173105592237426,Ent_PG_ASIAN_AsianPaints_111124_D23706,AT1731180421124283,109817_AsianPaints_HinMarkets_20_CTV_CPM_111124_MRPR,10/12/24 23:59,Baroda,DELIVERING,1
213,ZOHO,CA173130632037444,Ent_Himalaya_Himalaya_111124_D23717,AT1731331520124305,109900_Himalaya_F18to44_Cities_111124_MR,10/12/24 23:59,Ramlaitui,DELIVERING,1
214,ZOHO,CA173130632037444,Ent_Himalaya_Himalaya_111124_D23717,AT1731331520124305,109900_Himalaya_F18to44_Cities_111124_MR,10/12/24 23:59,Gurgram,DELIVERING,1
215,ZOHO,CA173097499237402,Ent_PG_LOREAL_REDKEN_131124_D23664,AT1731409325124391,109617_Loreal_RedkenABC_CTV_GeosEngCont_131124,15/12/24 23:59,Nerul,DELIVERING,1
216,ZOHO,CA173097499237402,Ent_PG_LOREAL_REDKEN_131124_D23664,AT1731409325124391,109617_Loreal_RedkenABC_CTV_GeosEngCont_131124,15/12/24 23:59,Belapur,DELIVERING,1
217,ZOHO,CA173097499237402,Ent_PG_LOREAL_REDKEN_131124_D23664,AT1731409325124391,109617_Loreal_RedkenABC_CTV_GeosEngCont_131124,15/12/24 23:59,Ghansoli,DELIVERING,1
218,ZOHO,CA173097499237402,Ent_PG_LOREAL_REDKEN_131124_D23664,AT1731409325124391,109617_Loreal_RedkenABC_CTV_GeosEngCont_131124,15/12/24 23:59,Khopoli,DELIVERING,1
219,ZOHO,CA173097499237402,Ent_PG_LOREAL_REDKEN_131124_D23664,AT1731409325124391,109617_Loreal_RedkenABC_CTV_GeosEngCont_131124,15/12/24 23:59,Gurgram,DELIVERING,1
220,ZOHO,CA172983315037080,Ent_Himalaya_Himalaya_241024_D23465,AT1731416526124394,108672_Himalaya_F18to34_Calcutta_20_Bonus_241024_BB,15/12/24 23:59,Bhubaneswar,DELIVERING,1
221,ZOHO,CA172983315037080,Ent_Himalaya_Himalaya_241024_D23465,AT1731416526124394,108672_Himalaya_F18to34_Calcutta_20_Bonus_241024_BB,15/12/24 23:59,Sonepur,DELIVERING,1
222,ZOHO,CA172983315037080,Ent_Himalaya_Himalaya_241024_D23465,AT1731416526124394,108672_Himalaya_F18to34_Calcutta_20_Bonus_241024_BB,15/12/24 23:59,Haldia,DELIVERING,1
223,ZOHO,CA172983315037080,Ent_Himalaya_Himalaya_241024_D23465,AT1731416526124394,108672_Himalaya_F18to34_Calcutta_20_Bonus_241024_BB,15/12/24 23:59,Siliguri,DELIVERING,1
224,ZOHO,CA172983315037080,Ent_Himalaya_Himalaya_241024_D23465,AT1731416526124394,108672_Himalaya_F18to34_Calcutta_20_Bonus_241024_BB,15/12/24 23:59,Jeypore,DELIVERING,1
225,ZOHO,CA172983315037080,Ent_Himalaya_Himalaya_241024_D23465,AT1731416526124394,108672_Himalaya_F18to34_Calcutta_20_Bonus_241024_BB,15/12/24 23:59,Malkangiri,DELIVERING,1
226,ZOHO,CA172983315037080,Ent_Himalaya_Himalaya_241024_D23465,AT1731416526124394,108672_Himalaya_F18to34_Calcutta_20_Bonus_241024_BB,15/12/24 23:59,Keonjhar Court,DELIVERING,1
227,ZOHO,CA172983315037080,Ent_Himalaya_Himalaya_241024_D23465,AT1731416526124394,108672_Himalaya_F18to34_Calcutta_20_Bonus_241024_BB,15/12/24 23:59,7th Mile Kalimpong,DELIVERING,1
228,ZOHO,CA172983315037080,Ent_Himalaya_Himalaya_241024_D23465,AT1731416526124394,108672_Himalaya_F18to34_Calcutta_20_Bonus_241024_BB,15/12/24 23:59,Paya-medinipur,DELIVERING,1
229,ZOHO,CA172983315037080,Ent_Himalaya_Himalaya_241024_D23465,AT1731416533124395,108670_Himalaya_F18to34_Calcutta_20_241024_BB,15/12/24 23:59,Bhubaneswar,DELIVERING,1
230,ZOHO,CA172983315037080,Ent_Himalaya_Himalaya_241024_D23465,AT1731416533124395,108670_Himalaya_F18to34_Calcutta_20_241024_BB,15/12/24 23:59,Sonepur,DELIVERING,1
231,ZOHO,CA172983315037080,Ent_Himalaya_Himalaya_241024_D23465,AT1731416533124395,108670_Himalaya_F18to34_Calcutta_20_241024_BB,15/12/24 23:59,Haldia,DELIVERING,1
232,ZOHO,CA172983315037080,Ent_Himalaya_Himalaya_241024_D23465,AT1731416533124395,108670_Himalaya_F18to34_Calcutta_20_241024_BB,15/12/24 23:59,Siliguri,DELIVERING,1
233,ZOHO,CA172983315037080,Ent_Himalaya_Himalaya_241024_D23465,AT1731416533124395,108670_Himalaya_F18to34_Calcutta_20_241024_BB,15/12/24 23:59,Jeypore,DELIVERING,1
234,ZOHO,CA172983315037080,Ent_Himalaya_Himalaya_241024_D23465,AT1731416533124395,108670_Himalaya_F18to34_Calcutta_20_241024_BB,15/12/24 23:59,Malkangiri,DELIVERING,1
235,ZOHO,CA172983315037080,Ent_Himalaya_Himalaya_241024_D23465,AT1731416533124395,108670_Himalaya_F18to34_Calcutta_20_241024_BB,15/12/24 23:59,Keonjhar Court,DELIVERING,1
236,ZOHO,CA172983315037080,Ent_Himalaya_Himalaya_241024_D23465,AT1731416533124395,108670_Himalaya_F18to34_Calcutta_20_241024_BB,15/12/24 23:59,7th Mile Kalimpong,DELIVERING,1
237,ZOHO,CA172983315037080,Ent_Himalaya_Himalaya_241024_D23465,AT1731416533124395,108670_Himalaya_F18to34_Calcutta_20_241024_BB,15/12/24 23:59,Paya-medinipur,DELIVERING,1
238,ZOHO,CA172961264837018,Ent_Manyavar_Manyavar_221024_D23410,AT1731504536124462,110063_Manyavar_M18Plus_Geos_IBT_15_CPM_131124_MRPR,10/12/24 23:59,Bhubaneswar,DELIVERING,1
239,ZOHO,CA172961264837018,Ent_Manyavar_Manyavar_221024_D23410,AT1731504536124462,110063_Manyavar_M18Plus_Geos_IBT_15_CPM_131124_MRPR,10/12/24 23:59,Rudraprayag,DELIVERING,1
240,ZOHO,CA173105016437421,Ent_PG_LOREAL_LOrealParis_071124_D23656,AT1731504946124465,109598_Loreal_GBSerum_CTV_Geos_071124,18/12/24 23:59,Nerul,DELIVERING,1
241,ZOHO,CA173105016437421,Ent_PG_LOREAL_LOrealParis_071124_D23656,AT1731504946124465,109598_Loreal_GBSerum_CTV_Geos_071124,18/12/24 23:59,Belapur,DELIVERING,1
242,ZOHO,CA173105016437421,Ent_PG_LOREAL_LOrealParis_071124_D23656,AT1731504946124465,109598_Loreal_GBSerum_CTV_Geos_071124,18/12/24 23:59,Ghansoli,DELIVERING,1
243,ZOHO,CA173105016437421,Ent_PG_LOREAL_LOrealParis_071124_D23656,AT1731504946124465,109598_Loreal_GBSerum_CTV_Geos_071124,18/12/24 23:59,Khopoli,DELIVERING,1
244,ZOHO,CA173105016437421,Ent_PG_LOREAL_LOrealParis_071124_D23656,AT1731504946124465,109598_Loreal_GBSerum_CTV_Geos_071124,18/12/24 23:59,Gurgram,DELIVERING,1
245,ZOHO,CA173142655637482,Ent_PG_Campusshoes_Campus_121124_D23735,AT1731578084124502,109965_Campus_MF18to34_Haryana_IBT_10_CPM_211124_MR,11/12/24 23:59,Gurgram,DELIVERING,1
246,ZOHO,CA173157744137508,Ent_PG_Adityabirlahealth_AdityaBirlaHealthIns_151124_D23762,AT1731650841124562,110115_AdityaBirlaHealthIns_Carpool_Geos_CTV_MR,22/12/24 23:59,Bhubaneswar,DELIVERING,1
247,ZOHO,CA173157744137508,Ent_PG_Adityabirlahealth_AdityaBirlaHealthIns_151124_D23762,AT1731650841124562,110115_AdityaBirlaHealthIns_Carpool_Geos_CTV_MR,22/12/24 23:59,Baroda,DELIVERING,1
248,ZOHO,CA173157744137508,Ent_PG_Adityabirlahealth_AdityaBirlaHealthIns_151124_D23762,AT1731650841124562,110115_AdityaBirlaHealthIns_Carpool_Geos_CTV_MR,22/12/24 23:59,Jaldhaka Hydel Project,DELIVERING,1
249,ZOHO,CA173157744137508,Ent_PG_Adityabirlahealth_AdityaBirlaHealthIns_151124_D23762,AT1731650842124563,110114_AdityaBirlaHealthIns_Daughter_Geos_CTV_MR,22/12/24 23:59,Bhubaneswar,DELIVERING,1
250,ZOHO,CA173157744137508,Ent_PG_Adityabirlahealth_AdityaBirlaHealthIns_151124_D23762,AT1731650842124563,110114_AdityaBirlaHealthIns_Daughter_Geos_CTV_MR,22/12/24 23:59,Baroda,DELIVERING,1
251,ZOHO,CA173157744137508,Ent_PG_Adityabirlahealth_AdityaBirlaHealthIns_151124_D23762,AT1731650842124563,110114_AdityaBirlaHealthIns_Daughter_Geos_CTV_MR,22/12/24 23:59,Jaldhaka Hydel Project,DELIVERING,1
252,ZOHO,CA173157744137508,Ent_PG_Adityabirlahealth_AdityaBirlaHealthIns_151124_D23762,AT1731650842124564,110113_AdityaBirlaHealthIns_Classroom_Geos_CTV_MR,22/12/24 23:59,Bhubaneswar,DELIVERING,1
253,ZOHO,CA173157744137508,Ent_PG_Adityabirlahealth_AdityaBirlaHealthIns_151124_D23762,AT1731650842124564,110113_AdityaBirlaHealthIns_Classroom_Geos_CTV_MR,22/12/24 23:59,Baroda,DELIVERING,1
254,ZOHO,CA173157744137508,Ent_PG_Adityabirlahealth_AdityaBirlaHealthIns_151124_D23762,AT1731650842124564,110113_AdityaBirlaHealthIns_Classroom_Geos_CTV_MR,22/12/24 23:59,Jaldhaka Hydel Project,DELIVERING,1
255,ZOHO,CA173158763937516,Ent_PG_TCPL_TataSampann_151124_D23766,AT1731739817124649,110141_TataSampan_F25to45_Geos_NCCSAB_151124,07/12/24 23:59,Bhubaneswar,DELIVERING,1
256,ZOHO,CA173158482237515,Ent_PG_PIDILITE_Pidilite_161124_D23765,AT1731767647124662,110131_Pidilite_M35Plus_NCCSAB_HSMExclMumDL_50_CPM_161124_MR,31/12/24 23:59,Bhubaneswar,DELIVERING,1
257,ZOHO,CA173158482237515,Ent_PG_PIDILITE_Pidilite_161124_D23765,AT1731767647124662,110131_Pidilite_M35Plus_NCCSAB_HSMExclMumDL_50_CPM_161124_MR,31/12/24 23:59,Ulhasnagar,DELIVERING,1
258,ZOHO,CA173158482237515,Ent_PG_PIDILITE_Pidilite_161124_D23765,AT1731767647124662,110131_Pidilite_M35Plus_NCCSAB_HSMExclMumDL_50_CPM_161124_MR,31/12/24 23:59,Gandhidham,DELIVERING,1
259,ZOHO,CA173158482237515,Ent_PG_PIDILITE_Pidilite_161124_D23765,AT1731767647124662,110131_Pidilite_M35Plus_NCCSAB_HSMExclMumDL_50_CPM_161124_MR,31/12/24 23:59,Jind,DELIVERING,1
260,ZOHO,CA173158482237515,Ent_PG_PIDILITE_Pidilite_161124_D23765,AT1731767647124662,110131_Pidilite_M35Plus_NCCSAB_HSMExclMumDL_50_CPM_161124_MR,31/12/24 23:59,Rourkela,DELIVERING,1
261,ZOHO,CA173158482237515,Ent_PG_PIDILITE_Pidilite_161124_D23765,AT1731767647124664,110125_Pidilite_M35Plus_NCCSAB_WBCitiesExclKol_50_CPM_161124_MR,31/12/24 23:59,Haldia,DELIVERING,1
262,ZOHO,CA173158482237515,Ent_PG_PIDILITE_Pidilite_161124_D23765,AT1731767647124664,110125_Pidilite_M35Plus_NCCSAB_WBCitiesExclKol_50_CPM_161124_MR,31/12/24 23:59,Siliguri,DELIVERING,1
263,ZOHO,CA173165056437524,Ent_HULFOS_DoveBodywash_CTV_151124_D23767,AT1731924483124734,110147_DoveBodywash_Geos_CTV_20_151124_MR,15/12/24 23:59,Mohali,DELIVERING,1
264,ZOHO,CA173165056437524,Ent_HULFOS_DoveBodywash_CTV_151124_D23767,AT1731924483124734,110147_DoveBodywash_Geos_CTV_20_151124_MR,15/12/24 23:59,Sikandrabad,DELIVERING,1
265,OPERATIONS_MANAGER,CA172983490137084,Test_RevX_POC_251024,AT1731994831124762,Test_RevX_CPI_191124_MR_1,31/03/25 23:59,Behera,DELIVERING,0
266,OPERATIONS_MANAGER,CA172983490137084,Test_RevX_POC_251024,AT1731994831124762,Test_RevX_CPI_191124_MR_1,31/03/25 23:59,Bhubaneswar,DELIVERING,0
267,OPERATIONS_MANAGER,CA172983490137084,Test_RevX_POC_251024,AT1731994831124762,Test_RevX_CPI_191124_MR_1,31/03/25 23:59,Jatni,DELIVERING,0
268,OPERATIONS_MANAGER,CA172983490137084,Test_RevX_POC_251024,AT1731994831124762,Test_RevX_CPI_191124_MR_1,31/03/25 23:59,Kichha,DELIVERING,0
269,OPERATIONS_MANAGER,CA172983490137084,Test_RevX_POC_251024,AT1731994831124762,Test_RevX_CPI_191124_MR_1,31/03/25 23:59,Almora,DELIVERING,0
270,OPERATIONS_MANAGER,CA172983490137084,Test_RevX_POC_251024,AT1731994832124763,Test_RevX_CPI_191124_MR_2,31/03/25 23:59,Behera,DELIVERING,0
271,OPERATIONS_MANAGER,CA172983490137084,Test_RevX_POC_251024,AT1731994832124763,Test_RevX_CPI_191124_MR_2,31/03/25 23:59,Bhubaneswar,DELIVERING,0
272,OPERATIONS_MANAGER,CA172983490137084,Test_RevX_POC_251024,AT1731994832124763,Test_RevX_CPI_191124_MR_2,31/03/25 23:59,Jatni,DELIVERING,0
273,OPERATIONS_MANAGER,CA172983490137084,Test_RevX_POC_251024,AT1731994832124763,Test_RevX_CPI_191124_MR_2,31/03/25 23:59,Kichha,DELIVERING,0
274,OPERATIONS_MANAGER,CA172983490137084,Test_RevX_POC_251024,AT1731994832124763,Test_RevX_CPI_191124_MR_2,31/03/25 23:59,Almora,DELIVERING,0
275,ZOHO,CA173192987937569,Ent_PG_COLGATE_ColgateTotal_181124_D23797,AT1732004943124780,110270_ColgateTotal_CTV_Geos_181124,10/12/24 23:59,Bhubaneswar,DELIVERING,1
276,ZOHO,CA173192987937569,Ent_PG_COLGATE_ColgateTotal_181124_D23797,AT1732004943124780,110270_ColgateTotal_CTV_Geos_181124,10/12/24 23:59,Rourkela,DELIVERING,1
277,ZOHO,CA173192987937569,Ent_PG_COLGATE_ColgateTotal_181124_D23797,AT1732004943124780,110270_ColgateTotal_CTV_Geos_181124,10/12/24 23:59,Siliguri,DELIVERING,1
278,ZOHO,CA173192987937569,Ent_PG_COLGATE_ColgateTotal_181124_D23797,AT1732004943124781,110271_ColgateTotal_CTV_TopMetros_181124,10/12/24 23:59,Khopoli,DELIVERING,1
279,ZOHO,CA173193802837575,Ent_PG_TCPL_TataSampann_151124_D23795,AT1732015901124821,110259_TataSampann_Geos_CTV_181124_MRPR,07/12/24 23:59,Bhubaneswar,DELIVERING,1
280,ZOHO,CA173199276137582,Ent_PG_GaldermaIndia_Cetaphil_191124_D23804,AT1732017761124826,110326_Cetaphil_Geo_20_CPM_191124_MR,15/01/25 23:59,Bhubaneswar,DELIVERING,1
281,ZOHO,CA173199276137582,Ent_PG_GaldermaIndia_Cetaphil_191124_D23804,AT1732017761124826,110326_Cetaphil_Geo_20_CPM_191124_MR,15/01/25 23:59,Siliguri,DELIVERING,1
282,OPERATIONS_MANAGER,CA172983490137084,Test_RevX_POC_251024,AT1732021321124836,Test_RevX_CPI_191124_MR_4,31/03/25 23:59,Behera,DELIVERING,0
283,OPERATIONS_MANAGER,CA172983490137084,Test_RevX_POC_251024,AT1732021321124836,Test_RevX_CPI_191124_MR_4,31/03/25 23:59,Bhubaneswar,DELIVERING,0
284,OPERATIONS_MANAGER,CA172983490137084,Test_RevX_POC_251024,AT1732021321124836,Test_RevX_CPI_191124_MR_4,31/03/25 23:59,Jatni,DELIVERING,0
285,OPERATIONS_MANAGER,CA172983490137084,Test_RevX_POC_251024,AT1732021321124836,Test_RevX_CPI_191124_MR_4,31/03/25 23:59,Kichha,DELIVERING,0
286,OPERATIONS_MANAGER,CA172983490137084,Test_RevX_POC_251024,AT1732021321124836,Test_RevX_CPI_191124_MR_4,31/03/25 23:59,Almora,DELIVERING,0
287,OPERATIONS_MANAGER,CA172983490137084,Test_RevX_POC_251024,AT1732021333124837,Test_RevX_CPI_191124_MR_3,31/03/25 23:59,Behera,DELIVERING,0
288,OPERATIONS_MANAGER,CA172983490137084,Test_RevX_POC_251024,AT1732021333124837,Test_RevX_CPI_191124_MR_3,31/03/25 23:59,Bhubaneswar,DELIVERING,0
289,OPERATIONS_MANAGER,CA172983490137084,Test_RevX_POC_251024,AT1732021333124837,Test_RevX_CPI_191124_MR_3,31/03/25 23:59,Jatni,DELIVERING,0
290,OPERATIONS_MANAGER,CA172983490137084,Test_RevX_POC_251024,AT1732021333124837,Test_RevX_CPI_191124_MR_3,31/03/25 23:59,Kichha,DELIVERING,0
291,OPERATIONS_MANAGER,CA172983490137084,Test_RevX_POC_251024,AT1732021333124837,Test_RevX_CPI_191124_MR_3,31/03/25 23:59,Almora,DELIVERING,0
292,ZOHO,CA173190850737552,Ent_PG_Adityabirlahealth_AdityaBirlaHealthIns_181124_D23784,AT1732027187124877,110228_AdityaBirlaHealth_MF35to54_Geos_Shows_MR,18/12/24 23:59,Bhubaneswar,DELIVERING,1
293,ZOHO,CA173190850737552,Ent_PG_Adityabirlahealth_AdityaBirlaHealthIns_181124_D23784,AT1732027187124877,110228_AdityaBirlaHealth_MF35to54_Geos_Shows_MR,18/12/24 23:59,Baroda,DELIVERING,1
294,ZOHO,CA173207730837602,Ent_PGI_PlatinumLoveBands_221124_D23803,AT1732171657124956,110325_PlatinumLoveBands_MF18to34_NCCSA_Geos_20_221124_MR,22/12/24 23:59,Bhubaneswar,DELIVERING,1
295,ZOHO,CA173209420137612,Ent_PG_DRREDDYSLABORATORIES_ZedexAlphabet_191124_D23815,AT1732171698124957,110364_ZedexAlphabet_MF25to44_Howrah_191124_MR,15/02/25 23:59,Siliguri,DELIVERING,1
296,ZOHO,CA173219039937676,Ent_ROCHEDIABETESCARE_RochePharma_211124_D23873,AT1732195421125031,110574_RochePharma_Geo_60_CPM_211124_MR,07/12/24 23:59,Bhubaneswar,DELIVERING,1
297,ZOHO,CA173219039937676,Ent_ROCHEDIABETESCARE_RochePharma_211124_D23873,AT1732195421125031,110574_RochePharma_Geo_60_CPM_211124_MR,07/12/24 23:59,Panaji,DELIVERING,1
298,ZOHO,CA173219039937676,Ent_ROCHEDIABETESCARE_RochePharma_211124_D23873,AT1732195421125031,110574_RochePharma_Geo_60_CPM_211124_MR,07/12/24 23:59,Amaravalli,DELIVERING,1
299,ZOHO,CA173226016337688,Ent_PG_TCPL_TataTeaAgni_151124_D23826,AT1732281730125241,110395_TataTeaAgni_F25to44_BhopalGeos_151124_MRPR,15/12/24 23:59,Bhind,DELIVERING,1
300,ZOHO,CA173226016337688,Ent_PG_TCPL_TataTeaAgni_151124_D23826,AT1732281730125241,110395_TataTeaAgni_F25to44_BhopalGeos_151124_MRPR,15/12/24 23:59,Datia,DELIVERING,1
301,ZOHO,CA173226016337688,Ent_PG_TCPL_TataTeaAgni_151124_D23826,AT1732281730125241,110395_TataTeaAgni_F25to44_BhopalGeos_151124_MRPR,15/12/24 23:59,Raisen,DELIVERING,1
302,ZOHO,CA173226016337688,Ent_PG_TCPL_TataTeaAgni_151124_D23826,AT1732281730125241,110395_TataTeaAgni_F25to44_BhopalGeos_151124_MRPR,15/12/24 23:59,Sehore,DELIVERING,1
303,ZOHO,CA173226016337688,Ent_PG_TCPL_TataTeaAgni_151124_D23826,AT1732281730125241,110395_TataTeaAgni_F25to44_BhopalGeos_151124_MRPR,15/12/24 23:59,Vidisha,DELIVERING,1
304,ZOHO,CA173226016337688,Ent_PG_TCPL_TataTeaAgni_151124_D23826,AT1732281730125241,110395_TataTeaAgni_F25to44_BhopalGeos_151124_MRPR,15/12/24 23:59,Panna,DELIVERING,1
305,ZOHO,CA173226016337688,Ent_PG_TCPL_TataTeaAgni_151124_D23826,AT1732281730125241,110395_TataTeaAgni_F25to44_BhopalGeos_151124_MRPR,15/12/24 23:59,Sheopur,DELIVERING,1
306,ZOHO,CA173226016337688,Ent_PG_TCPL_TataTeaAgni_151124_D23826,AT1732281730125241,110395_TataTeaAgni_F25to44_BhopalGeos_151124_MRPR,15/12/24 23:59,Tikamgarh,DELIVERING,1
307,ZOHO,CA173226016337688,Ent_PG_TCPL_TataTeaAgni_151124_D23826,AT1732281730125242,110396_TataTeaAgni_F25to44_UmariaGros_151124_MRPR,15/12/24 23:59,Dindori,DELIVERING,1
308,ZOHO,CA173226016337688,Ent_PG_TCPL_TataTeaAgni_151124_D23826,AT1732281730125242,110396_TataTeaAgni_F25to44_UmariaGros_151124_MRPR,15/12/24 23:59,Katni,DELIVERING,1
309,ZOHO,CA173226016337688,Ent_PG_TCPL_TataTeaAgni_151124_D23826,AT1732281730125242,110396_TataTeaAgni_F25to44_UmariaGros_151124_MRPR,15/12/24 23:59,Mandla,DELIVERING,1
310,ZOHO,CA173226016337688,Ent_PG_TCPL_TataTeaAgni_151124_D23826,AT1732281730125242,110396_TataTeaAgni_F25to44_UmariaGros_151124_MRPR,15/12/24 23:59,Sidhi,DELIVERING,1
311,ZOHO,CA173226016337688,Ent_PG_TCPL_TataTeaAgni_151124_D23826,AT1732281730125242,110396_TataTeaAgni_F25to44_UmariaGros_151124_MRPR,15/12/24 23:59,Anuppur,DELIVERING,1
312,ZOHO,CA173226016337688,Ent_PG_TCPL_TataTeaAgni_151124_D23826,AT1732281730125242,110396_TataTeaAgni_F25to44_UmariaGros_151124_MRPR,15/12/24 23:59,Shahdol,DELIVERING,1
313,ZOHO,CA173226016337688,Ent_PG_TCPL_TataTeaAgni_151124_D23826,AT1732281730125242,110396_TataTeaAgni_F25to44_UmariaGros_151124_MRPR,15/12/24 23:59,Balaghat,DELIVERING,1
314,ZOHO,CA173226016337688,Ent_PG_TCPL_TataTeaAgni_151124_D23826,AT1732281730125242,110396_TataTeaAgni_F25to44_UmariaGros_151124_MRPR,15/12/24 23:59,Umaria,DELIVERING,1
315,ZOHO,CA173226016337688,Ent_PG_TCPL_TataTeaAgni_151124_D23826,AT1732281730125243,110394_TataTeaAgni_F25to44_UjjainGeos_151124_MRPR,15/12/24 23:59,Neemuch,DELIVERING,1
316,ZOHO,CA173226016337688,Ent_PG_TCPL_TataTeaAgni_151124_D23826,AT1732281730125243,110394_TataTeaAgni_F25to44_UjjainGeos_151124_MRPR,15/12/24 23:59,Ratlam,DELIVERING,1
317,ZOHO,CA173226016337688,Ent_PG_TCPL_TataTeaAgni_151124_D23826,AT1732281730125243,110394_TataTeaAgni_F25to44_UjjainGeos_151124_MRPR,15/12/24 23:59,Burhanpur,DELIVERING,1
318,ZOHO,CA173226016337688,Ent_PG_TCPL_TataTeaAgni_151124_D23826,AT1732281730125243,110394_TataTeaAgni_F25to44_UjjainGeos_151124_MRPR,15/12/24 23:59,Betul,DELIVERING,1
319,ZOHO,CA173226016337688,Ent_PG_TCPL_TataTeaAgni_151124_D23826,AT1732281730125243,110394_TataTeaAgni_F25to44_UjjainGeos_151124_MRPR,15/12/24 23:59,Harda,DELIVERING,1
320,ZOHO,CA173227211037699,Ent_PG_TCPL_TataTeaAgni_181124_D23893,AT1732535635125406,110652_TataTeaAgni_F25to44_FaizabadGeos_221124_MRPR,15/12/24 23:59,Bhadohi,DELIVERING,1
321,ZOHO,CA173227211037699,Ent_PG_TCPL_TataTeaAgni_181124_D23893,AT1732535635125406,110652_TataTeaAgni_F25to44_FaizabadGeos_221124_MRPR,15/12/24 23:59,Kushinagar,DELIVERING,1
322,ZOHO,CA173227211037699,Ent_PG_TCPL_TataTeaAgni_181124_D23893,AT1732535635125408,110654_TataTeaAgni_F25to44_LucknowGeos_221124_MRPR,15/12/24 23:59,Unnao,DELIVERING,1
323,ZOHO,CA173227211037699,Ent_PG_TCPL_TataTeaAgni_181124_D23893,AT1732535635125408,110654_TataTeaAgni_F25to44_LucknowGeos_221124_MRPR,15/12/24 23:59,Auraiya,DELIVERING,1
324,ZOHO,CA173252489837754,Ent_PG_ABFRL_LouisPhillipe_251124_D23915,AT1732598118125454,110805_LouisPhillipe_Geos_CTV_251124_MRPR,22/12/24 23:59,Ghansoli,DELIVERING,1
325,ZOHO,CA173252489837754,Ent_PG_ABFRL_LouisPhillipe_251124_D23915,AT1732598118125454,110805_LouisPhillipe_Geos_CTV_251124_MRPR,22/12/24 23:59,Khopoli,DELIVERING,1
326,ZOHO,CA173262059237786,Ent_INFO_NaukriLtd_261124_D23948,AT1732628914125509,110966_NaukriLtd_Top20Cities_EngContent_CTV_20_CPM_261124_MR,31/12/24 23:59,Bhubaneswar,DELIVERING,1
327,ZOHO,CA173261459937782,Ent_Adaniwilmar_Kings_261124_D23942,AT1732633412125524,110919_Kings_MPGeos_Shows_261124_MRPR,11/12/24 23:59,Ratlam,DELIVERING,1
328,ZOHO,CA173261459937782,Ent_Adaniwilmar_Kings_261124_D23942,AT1732633412125524,110919_Kings_MPGeos_Shows_261124_MRPR,11/12/24 23:59,Betul,DELIVERING,1
329,ZOHO,CA173261459937782,Ent_Adaniwilmar_Kings_261124_D23942,AT1732633412125524,110919_Kings_MPGeos_Shows_261124_MRPR,11/12/24 23:59,Sehore,DELIVERING,1
330,ZOHO,CA173261459937782,Ent_Adaniwilmar_Kings_261124_D23942,AT1732633412125525,110918_Kings_MHGeos_Shows_261124_MRPR,11/12/24 23:59,Gondia,DELIVERING,1
331,ZOHO,CA172957487837001,Ent_PG_veeba_veeba_211024_D23378,AT1732689457125536,110904_veeba_MF18to34_Geos_IBT_30_CPM_261124_MR,05/12/24 23:59,Bhubaneswar,DELIVERING,1
332,ZOHO,CA173260099537767,Ent_PG_PGI_PlatinumLoveBands_261124_D23936,AT1732696530125546,110886_PlatinumLoveBands_BhuLKOPatna_20_261124_MR,25/12/24 23:59,Bhubaneswar,DELIVERING,1
333,OPERATIONS_MANAGER,CA173278736137836,Ent_CocaCola_Schwepps_281124_D23861,AT1732802546125674,110516_Schwepps_DNCR_3DBreakout_VIP_201124_BB,31/12/24 23:59,Gurgram,DELIVERING,1
334,OPERATIONS_MANAGER,CA173278736137836,Ent_CocaCola_Schwepps_281124_D23861,AT1732802546125675,110516_Schwepps_DNCR_3DBreakout_Free_201124_BB,31/12/24 23:59,Gurgram,DELIVERING,1
335,OPERATIONS_MANAGER,CA173278736137836,Ent_CocaCola_Schwepps_281124_D23861,AT1732802546125676,110516_Schwepps_DNCR_3DBreakout_FallBack_201124_BB,31/12/24 23:59,Gurgram,DELIVERING,1
336,OPERATIONS_MANAGER,CA173278736137836,Ent_CocaCola_Schwepps_281124_D23861,AT1732802546125677,110517_Schwepps_Geos_PauseAd_201124,31/12/24 23:59,Gurgram,DELIVERING,1
337,ZOHO,CA173278136337831,Ent_PG_RECKITT_Dettol_281124_D23988,AT1732807275125687,111204_DettolDOS_CTV_DNCR_TopShows_281124,10/12/24 23:59,Gurgram,DELIVERING,1
338,ZOHO,CA173270908137815,Ent_PG_Schneiderelectrici_Schneider_281124_D23971,AT1732870793125768,111113_Schneider_Geos_CTV_281124_MR,27/12/24 23:59,Bhubaneswar,DELIVERING,1
339,ZOHO,CA173286327537872,Ent_Reliance_NMACC_291124_D24015,AT1732882361125798,111336_NMACC_Geos_TopShows_Dec_021224_MRPR,05/12/24 23:59,Gurgram,DELIVERING,1
340,ZOHO,CA173286341237873,Ent_PBFINTECH_PolicyBazaar_011224_D24014,AT1732898839125867,111327_PolicyBazaar_Geos_CTV_Health_15_CPM_031224_MRPR,03/12/24 23:59,Bhubaneswar,DELIVERING,1
341,ZOHO,CA173286341237873,Ent_PBFINTECH_PolicyBazaar_011224_D24014,AT1732898839125867,111327_PolicyBazaar_Geos_CTV_Health_15_CPM_031224_MRPR,03/12/24 23:59,Mohali,DELIVERING,1
342,ZOHO,CA173286341237873,Ent_PBFINTECH_PolicyBazaar_011224_D24014,AT1732898839125867,111327_PolicyBazaar_Geos_CTV_Health_15_CPM_031224_MRPR,03/12/24 23:59,Gurgram,DELIVERING,1
343,ZOHO,CA173286341237873,Ent_PBFINTECH_PolicyBazaar_011224_D24014,AT1732898840125874,111330_PolicyBazaar_Geos_CTV_Term_15_CPM_031224_MRPR,03/12/24 23:59,Bhubaneswar,DELIVERING,1
344,ZOHO,CA173286341237873,Ent_PBFINTECH_PolicyBazaar_011224_D24014,AT1732898840125874,111330_PolicyBazaar_Geos_CTV_Term_15_CPM_031224_MRPR,03/12/24 23:59,Mohali,DELIVERING,1
345,ZOHO,CA173286341237873,Ent_PBFINTECH_PolicyBazaar_011224_D24014,AT1732898840125874,111330_PolicyBazaar_Geos_CTV_Term_15_CPM_031224_MRPR,03/12/24 23:59,Gurgram,DELIVERING,1
346,ZOHO,CA173287586637886,Ent_MONDELEZ_CadburyStudio_011224_D24029,AT1732948093125896,111424_CadburyStudio_Multigeo_30_CPM_011224_MRPR,07/12/24 23:59,Bhubaneswar,DELIVERING,1
347,ZOHO,CA172796635236506,Ent_Amazon_miniTV_031024_D23114,AT1732978014125991,111371_miniTV_Geos_EngKorTitles_GenZ_20_011224_MR,31/12/24 23:59,Bhubaneswar,DELIVERING,1
348,ZOHO,CA172796635236506,Ent_Amazon_miniTV_031024_D23114,AT1732978029125992,111376_miniTV_Geos_EngKorTitles_LongBallad_20_011224_MR,31/12/24 23:59,Bhubaneswar,DELIVERING,1
349,ZOHO,CA172796635236506,Ent_Amazon_miniTV_031024_D23114,AT1732978042125993,111370_miniTV_Geos_EngKorTitles_Girlfriend_20_011224_MR,31/12/24 23:59,Bhubaneswar,DELIVERING,1
350,ZOHO,CA172796635236506,Ent_Amazon_miniTV_031024_D23114,AT1732978054125994,111369_miniTV_Geos_EngKorTitles_MyDeskmate_20_011224_MR,31/12/24 23:59,Bhubaneswar,DELIVERING,1
351,ZOHO,CA172796635236506,Ent_Amazon_miniTV_031024_D23114,AT1732978069125995,111377_miniTV_Geos_EngKorTitles_RadiantOffice_20_011224_MR,31/12/24 23:59,Bhubaneswar,DELIVERING,1
352,ZOHO,CA173287915837894,Ent_PG_Amazon_PrimeAwareness_011224_D24037,AT1733130276126083,111466_PrimeAwareness_MF25to44_RoC1_IBT_15_011224_MR,31/12/24 23:59,Bhubaneswar,DELIVERING,1
353,ZOHO,CA173296697637930,Ent_PG_Amazon_PrimeSpeed_011224_D24050,AT1733136719126094,111572_PrimeSpeed_MF25to44_DNCR_IBT_20_011224_MR,31/12/24 23:59,Gurgram,DELIVERING,1
354,ZOHO,CA173296697637930,Ent_PG_Amazon_PrimeSpeed_011224_D24050,AT1733136719126095,111574_PrimeSpeed_CTV_Cities_20_011224_MR,31/12/24 23:59,Gurgram,DELIVERING,1
355,OPERATIONS_MANAGER,CA173303410537933,Ent_PG_Amazon_AmazonFashion_WRS_021224_D23994,AT1733211482126283,111225_AmazonFashion_MF25to44_RoT20_IBT_10_021224_MR,05/12/24 23:59,Mohali,DELIVERING,1
356,OPERATIONS_MANAGER,CA173303410537933,Ent_PG_Amazon_AmazonFashion_WRS_021224_D23994,AT1733211482126285,111233_AmazonFashion_MF25to44_RoT57_IBT_10_021224_MR,05/12/24 23:59,Bhubaneswar,DELIVERING,1
357,OPERATIONS_MANAGER,CA173303410537933,Ent_PG_Amazon_AmazonFashion_WRS_021224_D23994,AT1733211482126285,111233_AmazonFashion_MF25to44_RoT57_IBT_10_021224_MR,05/12/24 23:59,Mamallapuram,DELIVERING,1
358,OPERATIONS_MANAGER,CA173303410537933,Ent_PG_Amazon_AmazonFashion_WRS_021224_D23994,AT1733211482126285,111233_AmazonFashion_MF25to44_RoT57_IBT_10_021224_MR,05/12/24 23:59,Panjabari,DELIVERING,1
359,OPERATIONS_MANAGER,CA173303410537933,Ent_PG_Amazon_AmazonFashion_WRS_021224_D23994,AT1733211482126292,111224_AmazonFashion_CTV_RoT20_10_021224_MR,05/12/24 23:59,Mohali,DELIVERING,1
360,OPERATIONS_MANAGER,CA173303410537933,Ent_PG_Amazon_AmazonFashion_WRS_021224_D23994,AT1733211482126294,111226_AmazonFashion_CTV_RoT57_10_021224_MR,05/12/24 23:59,Bhubaneswar,DELIVERING,1
361,OPERATIONS_MANAGER,CA173303410537933,Ent_PG_Amazon_AmazonFashion_WRS_021224_D23994,AT1733211482126294,111226_AmazonFashion_CTV_RoT57_10_021224_MR,05/12/24 23:59,Mamallapuram,DELIVERING,1
362,OPERATIONS_MANAGER,CA173303410537933,Ent_PG_Amazon_AmazonFashion_WRS_021224_D23994,AT1733211482126294,111226_AmazonFashion_CTV_RoT57_10_021224_MR,05/12/24 23:59,Panjabari,DELIVERING,1
363,ZOHO,CA173286341237873,Ent_PBFINTECH_PolicyBazaar_011224_D24014,AT1732898839125865,111322_PolicyBazaar_Geos_CTV_Term_15_CPM_061224_MRPR,06/12/24 23:59,Bhubaneswar,READY,1
364,ZOHO,CA173286341237873,Ent_PBFINTECH_PolicyBazaar_011224_D24014,AT1732898839125865,111322_PolicyBazaar_Geos_CTV_Term_15_CPM_061224_MRPR,06/12/24 23:59,Mohali,READY,1
365,ZOHO,CA173286341237873,Ent_PBFINTECH_PolicyBazaar_011224_D24014,AT1732898839125865,111322_PolicyBazaar_Geos_CTV_Term_15_CPM_061224_MRPR,06/12/24 23:59,Gurgram,READY,1
366,ZOHO,CA173286341237873,Ent_PBFINTECH_PolicyBazaar_011224_D24014,AT1732898839125866,111329_PolicyBazaar_Geos_CTV_Health_15_CPM_041224_MRPR,04/12/24 23:59,Bhubaneswar,READY,1
367,ZOHO,CA173286341237873,Ent_PBFINTECH_PolicyBazaar_011224_D24014,AT1732898839125866,111329_PolicyBazaar_Geos_CTV_Health_15_CPM_041224_MRPR,04/12/24 23:59,Mohali,READY,1
368,ZOHO,CA173286341237873,Ent_PBFINTECH_PolicyBazaar_011224_D24014,AT1732898839125866,111329_PolicyBazaar_Geos_CTV_Health_15_CPM_041224_MRPR,04/12/24 23:59,Gurgram,READY,1
369,ZOHO,CA173286341237873,Ent_PBFINTECH_PolicyBazaar_011224_D24014,AT1732898839125868,111325_PolicyBazaar_Geos_CTV_Health_15_CPM_071224_MRPR,07/12/24 23:59,Bhubaneswar,READY,1
370,ZOHO,CA173286341237873,Ent_PBFINTECH_PolicyBazaar_011224_D24014,AT1732898839125868,111325_PolicyBazaar_Geos_CTV_Health_15_CPM_071224_MRPR,07/12/24 23:59,Mohali,READY,1
371,ZOHO,CA173286341237873,Ent_PBFINTECH_PolicyBazaar_011224_D24014,AT1732898839125868,111325_PolicyBazaar_Geos_CTV_Health_15_CPM_071224_MRPR,07/12/24 23:59,Gurgram,READY,1
372,ZOHO,CA173286341237873,Ent_PBFINTECH_PolicyBazaar_011224_D24014,AT1732898839125870,111332_PolicyBazaar_Geos_CTV_Health_15_CPM_051224_MRPR,05/12/24 23:59,Bhubaneswar,READY,1
373,ZOHO,CA173286341237873,Ent_PBFINTECH_PolicyBazaar_011224_D24014,AT1732898839125870,111332_PolicyBazaar_Geos_CTV_Health_15_CPM_051224_MRPR,05/12/24 23:59,Mohali,READY,1
374,ZOHO,CA173286341237873,Ent_PBFINTECH_PolicyBazaar_011224_D24014,AT1732898839125870,111332_PolicyBazaar_Geos_CTV_Health_15_CPM_051224_MRPR,05/12/24 23:59,Gurgram,READY,1
375,ZOHO,CA173286341237873,Ent_PBFINTECH_PolicyBazaar_011224_D24014,AT1732898840125872,111323_PolicyBazaar_Geos_CTV_Term_15_CPM_041224_MRPR,04/12/24 23:59,Bhubaneswar,READY,1
376,ZOHO,CA173286341237873,Ent_PBFINTECH_PolicyBazaar_011224_D24014,AT1732898840125872,111323_PolicyBazaar_Geos_CTV_Term_15_CPM_041224_MRPR,04/12/24 23:59,Mohali,READY,1
377,ZOHO,CA173286341237873,Ent_PBFINTECH_PolicyBazaar_011224_D24014,AT1732898840125872,111323_PolicyBazaar_Geos_CTV_Term_15_CPM_041224_MRPR,04/12/24 23:59,Gurgram,READY,1
378,ZOHO,CA173286341237873,Ent_PBFINTECH_PolicyBazaar_011224_D24014,AT1732898840125873,111324_PolicyBazaar_Geos_CTV_Term_15_CPM_051224_MRPR,05/12/24 23:59,Bhubaneswar,READY,1
379,ZOHO,CA173286341237873,Ent_PBFINTECH_PolicyBazaar_011224_D24014,AT1732898840125873,111324_PolicyBazaar_Geos_CTV_Term_15_CPM_051224_MRPR,05/12/24 23:59,Mohali,READY,1
380,ZOHO,CA173286341237873,Ent_PBFINTECH_PolicyBazaar_011224_D24014,AT1732898840125873,111324_PolicyBazaar_Geos_CTV_Term_15_CPM_051224_MRPR,05/12/24 23:59,Gurgram,READY,1
381,ZOHO,CA173286341237873,Ent_PBFINTECH_PolicyBazaar_011224_D24014,AT1732898840125875,111331_PolicyBazaar_Geos_CTV_Health_15_CPM_061224_MRPR,06/12/24 23:59,Bhubaneswar,READY,1
382,ZOHO,CA173286341237873,Ent_PBFINTECH_PolicyBazaar_011224_D24014,AT1732898840125875,111331_PolicyBazaar_Geos_CTV_Health_15_CPM_061224_MRPR,06/12/24 23:59,Mohali,READY,1
383,ZOHO,CA173286341237873,Ent_PBFINTECH_PolicyBazaar_011224_D24014,AT1732898840125875,111331_PolicyBazaar_Geos_CTV_Health_15_CPM_061224_MRPR,06/12/24 23:59,Gurgram,READY,1
384,ZOHO,CA173286341237873,Ent_PBFINTECH_PolicyBazaar_011224_D24014,AT1732898841125877,111321_PolicyBazaar_Geos_CTV_Term_15_CPM_071224_MRPR,07/12/24 23:59,Bhubaneswar,READY,1
385,ZOHO,CA173286341237873,Ent_PBFINTECH_PolicyBazaar_011224_D24014,AT1732898841125877,111321_PolicyBazaar_Geos_CTV_Term_15_CPM_071224_MRPR,07/12/24 23:59,Mohali,READY,1
386,ZOHO,CA173286341237873,Ent_PBFINTECH_PolicyBazaar_011224_D24014,AT1732898841125877,111321_PolicyBazaar_Geos_CTV_Term_15_CPM_071224_MRPR,07/12/24 23:59,Gurgram,READY,1
387,ZOHO,CA173287586637886,Ent_MONDELEZ_CadburyStudio_011224_D24029,AT1733117246126054,111429_CadburyStudio_Multigeo_30_CPM_081224_MRPR,14/12/24 23:59,Bhubaneswar,READY,1
388,ZOHO,CA173287586637886,Ent_MONDELEZ_CadburyStudio_011224_D24029,AT1733120514126061,111438_CadburyStudio_Multigeo_30_CPM_221224_MRPR,31/12/24 23:59,Bhubaneswar,READY,1
389,ZOHO,CA173287586637886,Ent_MONDELEZ_CadburyStudio_011224_D24029,AT1733120524126062,111434_CadburyStudio_Multigeo_30_CPM_151224_MRPR,21/12/24 23:59,Bhubaneswar,READY,1
